#
# TABLE STRUCTURE FOR: communities
#

DROP TABLE IF EXISTS `communities`;

CREATE TABLE `communities` (
  `id` bigint(20) unsigned NOT NULL AUTO_INCREMENT,
  `name` varchar(150) COLLATE utf8mb4_unicode_ci DEFAULT NULL,
  `admin_user_id` bigint(20) unsigned NOT NULL,
  UNIQUE KEY `id` (`id`),
  KEY `communities_name_idx` (`name`),
  KEY `admin_user_id` (`admin_user_id`),
  CONSTRAINT `communities_ibfk_1` FOREIGN KEY (`admin_user_id`) REFERENCES `users` (`id`)
) ENGINE=InnoDB AUTO_INCREMENT=101 DEFAULT CHARSET=utf8mb4 COLLATE=utf8mb4_unicode_ci;

INSERT INTO `communities` (`id`, `name`, `admin_user_id`) VALUES ('1', 'autem', '101');
INSERT INTO `communities` (`id`, `name`, `admin_user_id`) VALUES ('2', 'unde', '102');
INSERT INTO `communities` (`id`, `name`, `admin_user_id`) VALUES ('3', 'quae', '103');
INSERT INTO `communities` (`id`, `name`, `admin_user_id`) VALUES ('4', 'hic', '104');
INSERT INTO `communities` (`id`, `name`, `admin_user_id`) VALUES ('5', 'consequatur', '107');
INSERT INTO `communities` (`id`, `name`, `admin_user_id`) VALUES ('6', 'eveniet', '108');
INSERT INTO `communities` (`id`, `name`, `admin_user_id`) VALUES ('7', 'qui', '109');
INSERT INTO `communities` (`id`, `name`, `admin_user_id`) VALUES ('8', 'non', '112');
INSERT INTO `communities` (`id`, `name`, `admin_user_id`) VALUES ('9', 'eos', '113');
INSERT INTO `communities` (`id`, `name`, `admin_user_id`) VALUES ('10', 'quae', '114');
INSERT INTO `communities` (`id`, `name`, `admin_user_id`) VALUES ('11', 'non', '117');
INSERT INTO `communities` (`id`, `name`, `admin_user_id`) VALUES ('12', 'vel', '118');
INSERT INTO `communities` (`id`, `name`, `admin_user_id`) VALUES ('13', 'quo', '121');
INSERT INTO `communities` (`id`, `name`, `admin_user_id`) VALUES ('14', 'sapiente', '123');
INSERT INTO `communities` (`id`, `name`, `admin_user_id`) VALUES ('15', 'est', '124');
INSERT INTO `communities` (`id`, `name`, `admin_user_id`) VALUES ('16', 'autem', '125');
INSERT INTO `communities` (`id`, `name`, `admin_user_id`) VALUES ('17', 'architecto', '128');
INSERT INTO `communities` (`id`, `name`, `admin_user_id`) VALUES ('18', 'voluptate', '129');
INSERT INTO `communities` (`id`, `name`, `admin_user_id`) VALUES ('19', 'aut', '130');
INSERT INTO `communities` (`id`, `name`, `admin_user_id`) VALUES ('20', 'qui', '132');
INSERT INTO `communities` (`id`, `name`, `admin_user_id`) VALUES ('21', 'debitis', '133');
INSERT INTO `communities` (`id`, `name`, `admin_user_id`) VALUES ('22', 'voluptatem', '134');
INSERT INTO `communities` (`id`, `name`, `admin_user_id`) VALUES ('23', 'nemo', '137');
INSERT INTO `communities` (`id`, `name`, `admin_user_id`) VALUES ('24', 'et', '139');
INSERT INTO `communities` (`id`, `name`, `admin_user_id`) VALUES ('25', 'quis', '142');
INSERT INTO `communities` (`id`, `name`, `admin_user_id`) VALUES ('26', 'deserunt', '144');
INSERT INTO `communities` (`id`, `name`, `admin_user_id`) VALUES ('27', 'quam', '145');
INSERT INTO `communities` (`id`, `name`, `admin_user_id`) VALUES ('28', 'ad', '146');
INSERT INTO `communities` (`id`, `name`, `admin_user_id`) VALUES ('29', 'qui', '150');
INSERT INTO `communities` (`id`, `name`, `admin_user_id`) VALUES ('30', 'id', '153');
INSERT INTO `communities` (`id`, `name`, `admin_user_id`) VALUES ('31', 'sint', '154');
INSERT INTO `communities` (`id`, `name`, `admin_user_id`) VALUES ('32', 'tenetur', '156');
INSERT INTO `communities` (`id`, `name`, `admin_user_id`) VALUES ('33', 'ex', '163');
INSERT INTO `communities` (`id`, `name`, `admin_user_id`) VALUES ('34', 'excepturi', '167');
INSERT INTO `communities` (`id`, `name`, `admin_user_id`) VALUES ('35', 'modi', '168');
INSERT INTO `communities` (`id`, `name`, `admin_user_id`) VALUES ('36', 'omnis', '169');
INSERT INTO `communities` (`id`, `name`, `admin_user_id`) VALUES ('37', 'mollitia', '170');
INSERT INTO `communities` (`id`, `name`, `admin_user_id`) VALUES ('38', 'velit', '171');
INSERT INTO `communities` (`id`, `name`, `admin_user_id`) VALUES ('39', 'expedita', '173');
INSERT INTO `communities` (`id`, `name`, `admin_user_id`) VALUES ('40', 'dolorem', '176');
INSERT INTO `communities` (`id`, `name`, `admin_user_id`) VALUES ('41', 'numquam', '177');
INSERT INTO `communities` (`id`, `name`, `admin_user_id`) VALUES ('42', 'necessitatibus', '179');
INSERT INTO `communities` (`id`, `name`, `admin_user_id`) VALUES ('43', 'molestias', '181');
INSERT INTO `communities` (`id`, `name`, `admin_user_id`) VALUES ('44', 'porro', '185');
INSERT INTO `communities` (`id`, `name`, `admin_user_id`) VALUES ('45', 'at', '186');
INSERT INTO `communities` (`id`, `name`, `admin_user_id`) VALUES ('46', 'est', '187');
INSERT INTO `communities` (`id`, `name`, `admin_user_id`) VALUES ('47', 'ea', '190');
INSERT INTO `communities` (`id`, `name`, `admin_user_id`) VALUES ('48', 'hic', '191');
INSERT INTO `communities` (`id`, `name`, `admin_user_id`) VALUES ('49', 'sit', '192');
INSERT INTO `communities` (`id`, `name`, `admin_user_id`) VALUES ('50', 'quibusdam', '193');
INSERT INTO `communities` (`id`, `name`, `admin_user_id`) VALUES ('51', 'sit', '195');
INSERT INTO `communities` (`id`, `name`, `admin_user_id`) VALUES ('52', 'aut', '196');
INSERT INTO `communities` (`id`, `name`, `admin_user_id`) VALUES ('53', 'facilis', '197');
INSERT INTO `communities` (`id`, `name`, `admin_user_id`) VALUES ('54', 'placeat', '200');
INSERT INTO `communities` (`id`, `name`, `admin_user_id`) VALUES ('55', 'cumque', '101');
INSERT INTO `communities` (`id`, `name`, `admin_user_id`) VALUES ('56', 'culpa', '102');
INSERT INTO `communities` (`id`, `name`, `admin_user_id`) VALUES ('57', 'voluptate', '103');
INSERT INTO `communities` (`id`, `name`, `admin_user_id`) VALUES ('58', 'optio', '104');
INSERT INTO `communities` (`id`, `name`, `admin_user_id`) VALUES ('59', 'dolorem', '107');
INSERT INTO `communities` (`id`, `name`, `admin_user_id`) VALUES ('60', 'voluptatem', '108');
INSERT INTO `communities` (`id`, `name`, `admin_user_id`) VALUES ('61', 'laudantium', '109');
INSERT INTO `communities` (`id`, `name`, `admin_user_id`) VALUES ('62', 'numquam', '112');
INSERT INTO `communities` (`id`, `name`, `admin_user_id`) VALUES ('63', 'harum', '113');
INSERT INTO `communities` (`id`, `name`, `admin_user_id`) VALUES ('64', 'et', '114');
INSERT INTO `communities` (`id`, `name`, `admin_user_id`) VALUES ('65', 'cum', '117');
INSERT INTO `communities` (`id`, `name`, `admin_user_id`) VALUES ('66', 'quae', '118');
INSERT INTO `communities` (`id`, `name`, `admin_user_id`) VALUES ('67', 'laboriosam', '121');
INSERT INTO `communities` (`id`, `name`, `admin_user_id`) VALUES ('68', 'culpa', '123');
INSERT INTO `communities` (`id`, `name`, `admin_user_id`) VALUES ('69', 'excepturi', '124');
INSERT INTO `communities` (`id`, `name`, `admin_user_id`) VALUES ('70', 'omnis', '125');
INSERT INTO `communities` (`id`, `name`, `admin_user_id`) VALUES ('71', 'quidem', '128');
INSERT INTO `communities` (`id`, `name`, `admin_user_id`) VALUES ('72', 'vitae', '129');
INSERT INTO `communities` (`id`, `name`, `admin_user_id`) VALUES ('73', 'quisquam', '130');
INSERT INTO `communities` (`id`, `name`, `admin_user_id`) VALUES ('74', 'laudantium', '132');
INSERT INTO `communities` (`id`, `name`, `admin_user_id`) VALUES ('75', 'itaque', '133');
INSERT INTO `communities` (`id`, `name`, `admin_user_id`) VALUES ('76', 'distinctio', '134');
INSERT INTO `communities` (`id`, `name`, `admin_user_id`) VALUES ('77', 'saepe', '137');
INSERT INTO `communities` (`id`, `name`, `admin_user_id`) VALUES ('78', 'omnis', '139');
INSERT INTO `communities` (`id`, `name`, `admin_user_id`) VALUES ('79', 'voluptatum', '142');
INSERT INTO `communities` (`id`, `name`, `admin_user_id`) VALUES ('80', 'sapiente', '144');
INSERT INTO `communities` (`id`, `name`, `admin_user_id`) VALUES ('81', 'quis', '145');
INSERT INTO `communities` (`id`, `name`, `admin_user_id`) VALUES ('82', 'inventore', '146');
INSERT INTO `communities` (`id`, `name`, `admin_user_id`) VALUES ('83', 'eos', '150');
INSERT INTO `communities` (`id`, `name`, `admin_user_id`) VALUES ('84', 'sapiente', '153');
INSERT INTO `communities` (`id`, `name`, `admin_user_id`) VALUES ('85', 'doloremque', '154');
INSERT INTO `communities` (`id`, `name`, `admin_user_id`) VALUES ('86', 'illo', '156');
INSERT INTO `communities` (`id`, `name`, `admin_user_id`) VALUES ('87', 'neque', '163');
INSERT INTO `communities` (`id`, `name`, `admin_user_id`) VALUES ('88', 'aliquid', '167');
INSERT INTO `communities` (`id`, `name`, `admin_user_id`) VALUES ('89', 'sed', '168');
INSERT INTO `communities` (`id`, `name`, `admin_user_id`) VALUES ('90', 'omnis', '169');
INSERT INTO `communities` (`id`, `name`, `admin_user_id`) VALUES ('91', 'modi', '170');
INSERT INTO `communities` (`id`, `name`, `admin_user_id`) VALUES ('92', 'tempora', '171');
INSERT INTO `communities` (`id`, `name`, `admin_user_id`) VALUES ('93', 'recusandae', '173');
INSERT INTO `communities` (`id`, `name`, `admin_user_id`) VALUES ('94', 'necessitatibus', '176');
INSERT INTO `communities` (`id`, `name`, `admin_user_id`) VALUES ('95', 'a', '177');
INSERT INTO `communities` (`id`, `name`, `admin_user_id`) VALUES ('96', 'velit', '179');
INSERT INTO `communities` (`id`, `name`, `admin_user_id`) VALUES ('97', 'quos', '181');
INSERT INTO `communities` (`id`, `name`, `admin_user_id`) VALUES ('98', 'reprehenderit', '185');
INSERT INTO `communities` (`id`, `name`, `admin_user_id`) VALUES ('99', 'reiciendis', '186');
INSERT INTO `communities` (`id`, `name`, `admin_user_id`) VALUES ('100', 'eum', '187');


#
# TABLE STRUCTURE FOR: friend_requests
#

DROP TABLE IF EXISTS `friend_requests`;

CREATE TABLE `friend_requests` (
  `initiator_user_id` bigint(20) unsigned NOT NULL,
  `target_user_id` bigint(20) unsigned NOT NULL,
  `status` enum('requested','approved','declined','unfriended') COLLATE utf8mb4_unicode_ci DEFAULT NULL,
  `requested_at` datetime DEFAULT current_timestamp(),
  `updated_at` datetime DEFAULT NULL ON UPDATE current_timestamp(),
  PRIMARY KEY (`initiator_user_id`,`target_user_id`),
  KEY `target_user_id` (`target_user_id`),
  CONSTRAINT `friend_requests_ibfk_1` FOREIGN KEY (`initiator_user_id`) REFERENCES `users` (`id`),
  CONSTRAINT `friend_requests_ibfk_2` FOREIGN KEY (`target_user_id`) REFERENCES `users` (`id`)
) ENGINE=InnoDB DEFAULT CHARSET=utf8mb4 COLLATE=utf8mb4_unicode_ci;

INSERT INTO `friend_requests` (`initiator_user_id`, `target_user_id`, `status`, `requested_at`, `updated_at`) VALUES ('101', '101', 'unfriended', '1998-10-07 01:30:18', '1977-01-16 18:47:49');
INSERT INTO `friend_requests` (`initiator_user_id`, `target_user_id`, `status`, `requested_at`, `updated_at`) VALUES ('102', '102', 'approved', '1993-02-14 05:00:18', '2009-08-30 07:51:01');
INSERT INTO `friend_requests` (`initiator_user_id`, `target_user_id`, `status`, `requested_at`, `updated_at`) VALUES ('103', '103', 'requested', '2002-09-27 17:12:46', '2020-06-08 04:24:30');
INSERT INTO `friend_requests` (`initiator_user_id`, `target_user_id`, `status`, `requested_at`, `updated_at`) VALUES ('104', '104', 'declined', '2007-07-08 10:07:59', '1974-08-20 16:15:44');
INSERT INTO `friend_requests` (`initiator_user_id`, `target_user_id`, `status`, `requested_at`, `updated_at`) VALUES ('107', '107', 'declined', '1989-09-26 18:09:15', '2017-06-06 11:03:23');
INSERT INTO `friend_requests` (`initiator_user_id`, `target_user_id`, `status`, `requested_at`, `updated_at`) VALUES ('108', '108', 'requested', '1993-04-06 05:27:48', '1978-05-10 02:39:24');
INSERT INTO `friend_requests` (`initiator_user_id`, `target_user_id`, `status`, `requested_at`, `updated_at`) VALUES ('109', '109', 'approved', '2019-03-06 06:11:31', '1988-08-13 07:32:41');
INSERT INTO `friend_requests` (`initiator_user_id`, `target_user_id`, `status`, `requested_at`, `updated_at`) VALUES ('112', '112', 'unfriended', '1984-04-28 21:21:06', '1998-08-03 05:15:05');
INSERT INTO `friend_requests` (`initiator_user_id`, `target_user_id`, `status`, `requested_at`, `updated_at`) VALUES ('113', '113', 'approved', '1986-02-14 17:16:01', '1970-01-10 13:42:07');
INSERT INTO `friend_requests` (`initiator_user_id`, `target_user_id`, `status`, `requested_at`, `updated_at`) VALUES ('114', '114', 'declined', '1991-07-13 21:16:24', '1997-09-22 08:51:53');
INSERT INTO `friend_requests` (`initiator_user_id`, `target_user_id`, `status`, `requested_at`, `updated_at`) VALUES ('117', '117', 'declined', '1980-12-03 23:13:58', '1975-01-15 23:13:45');
INSERT INTO `friend_requests` (`initiator_user_id`, `target_user_id`, `status`, `requested_at`, `updated_at`) VALUES ('118', '118', 'requested', '2016-08-21 03:21:24', '2008-01-26 12:35:17');
INSERT INTO `friend_requests` (`initiator_user_id`, `target_user_id`, `status`, `requested_at`, `updated_at`) VALUES ('121', '121', 'approved', '1995-10-18 04:11:59', '1997-09-17 18:35:16');
INSERT INTO `friend_requests` (`initiator_user_id`, `target_user_id`, `status`, `requested_at`, `updated_at`) VALUES ('123', '123', 'approved', '1999-08-06 21:37:08', '1979-10-18 01:23:16');
INSERT INTO `friend_requests` (`initiator_user_id`, `target_user_id`, `status`, `requested_at`, `updated_at`) VALUES ('124', '124', 'approved', '1991-05-15 17:30:09', '1977-03-09 01:51:26');
INSERT INTO `friend_requests` (`initiator_user_id`, `target_user_id`, `status`, `requested_at`, `updated_at`) VALUES ('125', '125', 'approved', '1995-10-21 09:02:18', '1998-11-01 15:07:28');
INSERT INTO `friend_requests` (`initiator_user_id`, `target_user_id`, `status`, `requested_at`, `updated_at`) VALUES ('128', '128', 'declined', '1973-05-27 23:52:40', '2006-09-21 16:51:09');
INSERT INTO `friend_requests` (`initiator_user_id`, `target_user_id`, `status`, `requested_at`, `updated_at`) VALUES ('129', '129', 'declined', '2021-09-22 11:07:22', '1999-07-26 00:46:20');
INSERT INTO `friend_requests` (`initiator_user_id`, `target_user_id`, `status`, `requested_at`, `updated_at`) VALUES ('130', '130', 'requested', '2007-02-01 13:08:45', '1983-01-18 18:13:19');
INSERT INTO `friend_requests` (`initiator_user_id`, `target_user_id`, `status`, `requested_at`, `updated_at`) VALUES ('132', '132', 'requested', '1983-02-03 09:06:39', '1974-06-26 00:11:55');
INSERT INTO `friend_requests` (`initiator_user_id`, `target_user_id`, `status`, `requested_at`, `updated_at`) VALUES ('133', '133', 'requested', '1992-03-03 04:48:26', '1976-06-22 05:56:02');
INSERT INTO `friend_requests` (`initiator_user_id`, `target_user_id`, `status`, `requested_at`, `updated_at`) VALUES ('134', '134', 'requested', '1997-04-29 20:32:39', '1979-04-09 13:51:13');
INSERT INTO `friend_requests` (`initiator_user_id`, `target_user_id`, `status`, `requested_at`, `updated_at`) VALUES ('137', '137', 'requested', '1988-04-01 20:34:59', '1989-02-18 01:47:16');
INSERT INTO `friend_requests` (`initiator_user_id`, `target_user_id`, `status`, `requested_at`, `updated_at`) VALUES ('139', '139', 'unfriended', '2003-11-23 22:36:37', '2007-10-30 12:51:03');
INSERT INTO `friend_requests` (`initiator_user_id`, `target_user_id`, `status`, `requested_at`, `updated_at`) VALUES ('142', '142', 'requested', '1979-01-07 22:55:55', '1982-10-07 02:36:07');
INSERT INTO `friend_requests` (`initiator_user_id`, `target_user_id`, `status`, `requested_at`, `updated_at`) VALUES ('144', '144', 'declined', '2013-01-07 12:50:56', '1984-10-26 06:52:46');
INSERT INTO `friend_requests` (`initiator_user_id`, `target_user_id`, `status`, `requested_at`, `updated_at`) VALUES ('145', '145', 'declined', '1997-07-30 16:19:52', '1977-06-25 15:39:51');
INSERT INTO `friend_requests` (`initiator_user_id`, `target_user_id`, `status`, `requested_at`, `updated_at`) VALUES ('146', '146', 'requested', '2001-10-13 10:05:40', '2018-01-10 00:49:37');
INSERT INTO `friend_requests` (`initiator_user_id`, `target_user_id`, `status`, `requested_at`, `updated_at`) VALUES ('150', '150', 'approved', '1988-01-23 19:10:13', '2018-04-18 18:50:36');
INSERT INTO `friend_requests` (`initiator_user_id`, `target_user_id`, `status`, `requested_at`, `updated_at`) VALUES ('153', '153', 'declined', '2006-02-11 22:40:28', '1970-08-17 02:48:33');
INSERT INTO `friend_requests` (`initiator_user_id`, `target_user_id`, `status`, `requested_at`, `updated_at`) VALUES ('154', '154', 'declined', '1999-01-29 03:48:30', '2010-08-29 22:14:06');
INSERT INTO `friend_requests` (`initiator_user_id`, `target_user_id`, `status`, `requested_at`, `updated_at`) VALUES ('156', '156', 'declined', '1993-09-24 07:56:58', '1995-11-17 10:52:27');
INSERT INTO `friend_requests` (`initiator_user_id`, `target_user_id`, `status`, `requested_at`, `updated_at`) VALUES ('163', '163', 'requested', '2017-09-20 21:55:56', '2001-04-06 05:51:39');
INSERT INTO `friend_requests` (`initiator_user_id`, `target_user_id`, `status`, `requested_at`, `updated_at`) VALUES ('167', '167', 'requested', '2009-02-13 09:38:01', '2007-12-07 17:26:20');
INSERT INTO `friend_requests` (`initiator_user_id`, `target_user_id`, `status`, `requested_at`, `updated_at`) VALUES ('168', '168', 'unfriended', '1987-03-14 17:36:10', '2017-02-07 05:18:59');
INSERT INTO `friend_requests` (`initiator_user_id`, `target_user_id`, `status`, `requested_at`, `updated_at`) VALUES ('169', '169', 'unfriended', '2008-01-28 18:43:57', '2011-10-13 08:55:00');
INSERT INTO `friend_requests` (`initiator_user_id`, `target_user_id`, `status`, `requested_at`, `updated_at`) VALUES ('170', '170', 'requested', '1994-05-30 21:32:12', '1978-12-31 22:15:43');
INSERT INTO `friend_requests` (`initiator_user_id`, `target_user_id`, `status`, `requested_at`, `updated_at`) VALUES ('171', '171', 'declined', '1989-04-18 02:15:58', '1989-12-15 10:18:36');
INSERT INTO `friend_requests` (`initiator_user_id`, `target_user_id`, `status`, `requested_at`, `updated_at`) VALUES ('173', '173', 'approved', '1983-02-23 13:35:22', '1998-12-12 07:39:59');
INSERT INTO `friend_requests` (`initiator_user_id`, `target_user_id`, `status`, `requested_at`, `updated_at`) VALUES ('176', '176', 'unfriended', '1978-06-22 05:27:17', '2015-12-12 13:54:05');
INSERT INTO `friend_requests` (`initiator_user_id`, `target_user_id`, `status`, `requested_at`, `updated_at`) VALUES ('177', '177', 'declined', '2001-01-05 08:38:01', '2015-07-23 09:54:01');
INSERT INTO `friend_requests` (`initiator_user_id`, `target_user_id`, `status`, `requested_at`, `updated_at`) VALUES ('179', '179', 'declined', '1973-05-11 20:38:58', '1988-11-08 15:22:51');
INSERT INTO `friend_requests` (`initiator_user_id`, `target_user_id`, `status`, `requested_at`, `updated_at`) VALUES ('181', '181', 'declined', '1986-01-13 17:07:48', '2016-05-07 01:02:00');
INSERT INTO `friend_requests` (`initiator_user_id`, `target_user_id`, `status`, `requested_at`, `updated_at`) VALUES ('185', '185', 'requested', '1985-10-28 14:08:03', '1988-09-14 13:38:31');
INSERT INTO `friend_requests` (`initiator_user_id`, `target_user_id`, `status`, `requested_at`, `updated_at`) VALUES ('186', '186', 'requested', '1998-03-16 03:32:06', '1989-11-04 12:41:24');
INSERT INTO `friend_requests` (`initiator_user_id`, `target_user_id`, `status`, `requested_at`, `updated_at`) VALUES ('187', '187', 'requested', '2020-07-06 03:50:48', '2011-08-06 12:55:26');
INSERT INTO `friend_requests` (`initiator_user_id`, `target_user_id`, `status`, `requested_at`, `updated_at`) VALUES ('190', '190', 'declined', '1976-01-03 05:13:02', '1999-01-15 00:33:06');
INSERT INTO `friend_requests` (`initiator_user_id`, `target_user_id`, `status`, `requested_at`, `updated_at`) VALUES ('191', '191', 'approved', '2013-11-25 00:16:53', '1977-07-26 06:54:29');
INSERT INTO `friend_requests` (`initiator_user_id`, `target_user_id`, `status`, `requested_at`, `updated_at`) VALUES ('192', '192', 'approved', '1975-11-05 16:22:00', '1971-04-13 17:18:17');
INSERT INTO `friend_requests` (`initiator_user_id`, `target_user_id`, `status`, `requested_at`, `updated_at`) VALUES ('193', '193', 'unfriended', '1971-05-06 14:32:26', '1974-04-06 06:21:26');
INSERT INTO `friend_requests` (`initiator_user_id`, `target_user_id`, `status`, `requested_at`, `updated_at`) VALUES ('195', '195', 'unfriended', '1982-08-16 14:48:15', '2007-11-18 23:59:15');
INSERT INTO `friend_requests` (`initiator_user_id`, `target_user_id`, `status`, `requested_at`, `updated_at`) VALUES ('196', '196', 'unfriended', '2021-06-01 01:41:39', '1980-03-28 04:46:09');
INSERT INTO `friend_requests` (`initiator_user_id`, `target_user_id`, `status`, `requested_at`, `updated_at`) VALUES ('197', '197', 'unfriended', '1990-11-20 13:10:00', '2021-10-02 14:06:12');
INSERT INTO `friend_requests` (`initiator_user_id`, `target_user_id`, `status`, `requested_at`, `updated_at`) VALUES ('200', '200', 'requested', '1972-11-17 04:15:38', '1985-10-06 07:55:25');


#
# TABLE STRUCTURE FOR: likes
#

DROP TABLE IF EXISTS `likes`;

CREATE TABLE `likes` (
  `id` bigint(20) unsigned NOT NULL AUTO_INCREMENT,
  `user_id` bigint(20) unsigned NOT NULL,
  `media_id` bigint(20) unsigned NOT NULL,
  `created_at` datetime DEFAULT current_timestamp(),
  UNIQUE KEY `id` (`id`)
) ENGINE=InnoDB AUTO_INCREMENT=101 DEFAULT CHARSET=utf8mb4 COLLATE=utf8mb4_unicode_ci;

INSERT INTO `likes` (`id`, `user_id`, `media_id`, `created_at`) VALUES ('1', '101', '1', '1979-03-11 05:45:25');
INSERT INTO `likes` (`id`, `user_id`, `media_id`, `created_at`) VALUES ('2', '102', '2', '2004-05-05 04:01:46');
INSERT INTO `likes` (`id`, `user_id`, `media_id`, `created_at`) VALUES ('3', '103', '3', '1994-08-18 17:25:03');
INSERT INTO `likes` (`id`, `user_id`, `media_id`, `created_at`) VALUES ('4', '104', '4', '1974-12-12 20:52:29');
INSERT INTO `likes` (`id`, `user_id`, `media_id`, `created_at`) VALUES ('5', '107', '5', '1997-10-26 10:24:50');
INSERT INTO `likes` (`id`, `user_id`, `media_id`, `created_at`) VALUES ('6', '108', '6', '2011-04-11 12:11:25');
INSERT INTO `likes` (`id`, `user_id`, `media_id`, `created_at`) VALUES ('7', '109', '7', '2009-10-09 15:54:35');
INSERT INTO `likes` (`id`, `user_id`, `media_id`, `created_at`) VALUES ('8', '112', '8', '2011-09-19 13:13:14');
INSERT INTO `likes` (`id`, `user_id`, `media_id`, `created_at`) VALUES ('9', '113', '9', '2013-09-27 22:42:05');
INSERT INTO `likes` (`id`, `user_id`, `media_id`, `created_at`) VALUES ('10', '114', '10', '1981-07-27 15:34:39');
INSERT INTO `likes` (`id`, `user_id`, `media_id`, `created_at`) VALUES ('11', '117', '11', '2001-10-16 16:44:06');
INSERT INTO `likes` (`id`, `user_id`, `media_id`, `created_at`) VALUES ('12', '118', '12', '2013-06-05 13:28:54');
INSERT INTO `likes` (`id`, `user_id`, `media_id`, `created_at`) VALUES ('13', '121', '13', '2017-10-14 02:43:12');
INSERT INTO `likes` (`id`, `user_id`, `media_id`, `created_at`) VALUES ('14', '123', '14', '2019-05-07 13:04:25');
INSERT INTO `likes` (`id`, `user_id`, `media_id`, `created_at`) VALUES ('15', '124', '15', '1983-07-01 23:14:15');
INSERT INTO `likes` (`id`, `user_id`, `media_id`, `created_at`) VALUES ('16', '125', '16', '2017-04-18 03:15:02');
INSERT INTO `likes` (`id`, `user_id`, `media_id`, `created_at`) VALUES ('17', '128', '17', '2014-02-19 02:32:03');
INSERT INTO `likes` (`id`, `user_id`, `media_id`, `created_at`) VALUES ('18', '129', '18', '1991-03-24 16:08:22');
INSERT INTO `likes` (`id`, `user_id`, `media_id`, `created_at`) VALUES ('19', '130', '19', '1971-12-11 20:58:45');
INSERT INTO `likes` (`id`, `user_id`, `media_id`, `created_at`) VALUES ('20', '132', '20', '2016-01-07 10:47:55');
INSERT INTO `likes` (`id`, `user_id`, `media_id`, `created_at`) VALUES ('21', '133', '21', '2005-08-06 02:01:53');
INSERT INTO `likes` (`id`, `user_id`, `media_id`, `created_at`) VALUES ('22', '134', '22', '2001-08-21 13:31:34');
INSERT INTO `likes` (`id`, `user_id`, `media_id`, `created_at`) VALUES ('23', '137', '23', '2015-07-29 20:58:30');
INSERT INTO `likes` (`id`, `user_id`, `media_id`, `created_at`) VALUES ('24', '139', '24', '1978-10-22 09:59:17');
INSERT INTO `likes` (`id`, `user_id`, `media_id`, `created_at`) VALUES ('25', '142', '25', '1993-10-05 20:18:37');
INSERT INTO `likes` (`id`, `user_id`, `media_id`, `created_at`) VALUES ('26', '144', '26', '1971-03-24 10:21:27');
INSERT INTO `likes` (`id`, `user_id`, `media_id`, `created_at`) VALUES ('27', '145', '27', '2012-11-23 03:17:07');
INSERT INTO `likes` (`id`, `user_id`, `media_id`, `created_at`) VALUES ('28', '146', '28', '2004-05-02 22:58:44');
INSERT INTO `likes` (`id`, `user_id`, `media_id`, `created_at`) VALUES ('29', '150', '29', '1996-06-12 13:54:52');
INSERT INTO `likes` (`id`, `user_id`, `media_id`, `created_at`) VALUES ('30', '153', '30', '2006-02-06 20:23:39');
INSERT INTO `likes` (`id`, `user_id`, `media_id`, `created_at`) VALUES ('31', '154', '31', '2013-01-11 04:18:38');
INSERT INTO `likes` (`id`, `user_id`, `media_id`, `created_at`) VALUES ('32', '156', '32', '1996-02-11 15:00:16');
INSERT INTO `likes` (`id`, `user_id`, `media_id`, `created_at`) VALUES ('33', '163', '33', '1993-04-01 01:56:56');
INSERT INTO `likes` (`id`, `user_id`, `media_id`, `created_at`) VALUES ('34', '167', '34', '1971-02-10 15:32:59');
INSERT INTO `likes` (`id`, `user_id`, `media_id`, `created_at`) VALUES ('35', '168', '35', '1984-12-30 00:24:06');
INSERT INTO `likes` (`id`, `user_id`, `media_id`, `created_at`) VALUES ('36', '169', '36', '1985-07-02 00:42:06');
INSERT INTO `likes` (`id`, `user_id`, `media_id`, `created_at`) VALUES ('37', '170', '37', '1980-12-20 05:39:01');
INSERT INTO `likes` (`id`, `user_id`, `media_id`, `created_at`) VALUES ('38', '171', '38', '2000-12-16 01:00:42');
INSERT INTO `likes` (`id`, `user_id`, `media_id`, `created_at`) VALUES ('39', '173', '39', '2010-05-23 01:39:30');
INSERT INTO `likes` (`id`, `user_id`, `media_id`, `created_at`) VALUES ('40', '176', '40', '1972-03-17 14:37:51');
INSERT INTO `likes` (`id`, `user_id`, `media_id`, `created_at`) VALUES ('41', '177', '41', '1977-05-05 20:26:14');
INSERT INTO `likes` (`id`, `user_id`, `media_id`, `created_at`) VALUES ('42', '179', '42', '2001-06-09 04:14:32');
INSERT INTO `likes` (`id`, `user_id`, `media_id`, `created_at`) VALUES ('43', '181', '43', '2014-08-29 02:35:13');
INSERT INTO `likes` (`id`, `user_id`, `media_id`, `created_at`) VALUES ('44', '185', '44', '2018-09-22 11:05:52');
INSERT INTO `likes` (`id`, `user_id`, `media_id`, `created_at`) VALUES ('45', '186', '45', '1971-08-12 07:31:06');
INSERT INTO `likes` (`id`, `user_id`, `media_id`, `created_at`) VALUES ('46', '187', '46', '1970-04-10 08:46:28');
INSERT INTO `likes` (`id`, `user_id`, `media_id`, `created_at`) VALUES ('47', '190', '47', '1978-08-06 19:10:36');
INSERT INTO `likes` (`id`, `user_id`, `media_id`, `created_at`) VALUES ('48', '191', '48', '1990-05-23 20:33:50');
INSERT INTO `likes` (`id`, `user_id`, `media_id`, `created_at`) VALUES ('49', '192', '49', '1981-03-26 13:49:53');
INSERT INTO `likes` (`id`, `user_id`, `media_id`, `created_at`) VALUES ('50', '193', '50', '1975-08-23 04:53:46');
INSERT INTO `likes` (`id`, `user_id`, `media_id`, `created_at`) VALUES ('51', '195', '51', '1970-11-19 20:33:50');
INSERT INTO `likes` (`id`, `user_id`, `media_id`, `created_at`) VALUES ('52', '196', '52', '2020-12-28 00:21:03');
INSERT INTO `likes` (`id`, `user_id`, `media_id`, `created_at`) VALUES ('53', '197', '53', '1991-12-16 07:06:04');
INSERT INTO `likes` (`id`, `user_id`, `media_id`, `created_at`) VALUES ('54', '200', '54', '1995-05-27 00:51:56');
INSERT INTO `likes` (`id`, `user_id`, `media_id`, `created_at`) VALUES ('55', '101', '55', '2018-01-04 07:03:09');
INSERT INTO `likes` (`id`, `user_id`, `media_id`, `created_at`) VALUES ('56', '102', '56', '1979-07-24 17:06:55');
INSERT INTO `likes` (`id`, `user_id`, `media_id`, `created_at`) VALUES ('57', '103', '57', '1984-10-30 06:38:16');
INSERT INTO `likes` (`id`, `user_id`, `media_id`, `created_at`) VALUES ('58', '104', '58', '2015-09-02 04:00:21');
INSERT INTO `likes` (`id`, `user_id`, `media_id`, `created_at`) VALUES ('59', '107', '59', '2015-12-15 14:38:02');
INSERT INTO `likes` (`id`, `user_id`, `media_id`, `created_at`) VALUES ('60', '108', '60', '2009-08-25 12:26:26');
INSERT INTO `likes` (`id`, `user_id`, `media_id`, `created_at`) VALUES ('61', '109', '61', '1988-01-19 08:43:58');
INSERT INTO `likes` (`id`, `user_id`, `media_id`, `created_at`) VALUES ('62', '112', '62', '2008-09-08 17:27:42');
INSERT INTO `likes` (`id`, `user_id`, `media_id`, `created_at`) VALUES ('63', '113', '63', '1979-02-16 16:39:25');
INSERT INTO `likes` (`id`, `user_id`, `media_id`, `created_at`) VALUES ('64', '114', '64', '2000-06-07 13:13:40');
INSERT INTO `likes` (`id`, `user_id`, `media_id`, `created_at`) VALUES ('65', '117', '65', '2008-01-24 05:15:27');
INSERT INTO `likes` (`id`, `user_id`, `media_id`, `created_at`) VALUES ('66', '118', '66', '1993-12-13 18:03:21');
INSERT INTO `likes` (`id`, `user_id`, `media_id`, `created_at`) VALUES ('67', '121', '67', '2016-05-03 02:19:45');
INSERT INTO `likes` (`id`, `user_id`, `media_id`, `created_at`) VALUES ('68', '123', '68', '1983-05-26 19:25:50');
INSERT INTO `likes` (`id`, `user_id`, `media_id`, `created_at`) VALUES ('69', '124', '69', '1992-12-26 21:11:58');
INSERT INTO `likes` (`id`, `user_id`, `media_id`, `created_at`) VALUES ('70', '125', '70', '2020-05-19 06:45:59');
INSERT INTO `likes` (`id`, `user_id`, `media_id`, `created_at`) VALUES ('71', '128', '71', '1992-07-14 04:20:21');
INSERT INTO `likes` (`id`, `user_id`, `media_id`, `created_at`) VALUES ('72', '129', '72', '1984-12-01 10:11:42');
INSERT INTO `likes` (`id`, `user_id`, `media_id`, `created_at`) VALUES ('73', '130', '73', '2006-10-18 09:57:17');
INSERT INTO `likes` (`id`, `user_id`, `media_id`, `created_at`) VALUES ('74', '132', '74', '1985-05-22 10:14:33');
INSERT INTO `likes` (`id`, `user_id`, `media_id`, `created_at`) VALUES ('75', '133', '75', '2002-10-09 11:38:08');
INSERT INTO `likes` (`id`, `user_id`, `media_id`, `created_at`) VALUES ('76', '134', '76', '2015-01-02 22:16:40');
INSERT INTO `likes` (`id`, `user_id`, `media_id`, `created_at`) VALUES ('77', '137', '77', '2000-11-14 06:15:39');
INSERT INTO `likes` (`id`, `user_id`, `media_id`, `created_at`) VALUES ('78', '139', '78', '1990-06-24 14:01:46');
INSERT INTO `likes` (`id`, `user_id`, `media_id`, `created_at`) VALUES ('79', '142', '79', '2004-07-31 13:46:21');
INSERT INTO `likes` (`id`, `user_id`, `media_id`, `created_at`) VALUES ('80', '144', '80', '2012-08-03 19:13:15');
INSERT INTO `likes` (`id`, `user_id`, `media_id`, `created_at`) VALUES ('81', '145', '81', '2017-06-15 04:37:20');
INSERT INTO `likes` (`id`, `user_id`, `media_id`, `created_at`) VALUES ('82', '146', '82', '1997-06-04 00:00:20');
INSERT INTO `likes` (`id`, `user_id`, `media_id`, `created_at`) VALUES ('83', '150', '83', '1996-01-12 04:28:25');
INSERT INTO `likes` (`id`, `user_id`, `media_id`, `created_at`) VALUES ('84', '153', '84', '1990-06-22 09:07:34');
INSERT INTO `likes` (`id`, `user_id`, `media_id`, `created_at`) VALUES ('85', '154', '85', '2015-02-06 07:44:39');
INSERT INTO `likes` (`id`, `user_id`, `media_id`, `created_at`) VALUES ('86', '156', '86', '1975-09-13 20:54:24');
INSERT INTO `likes` (`id`, `user_id`, `media_id`, `created_at`) VALUES ('87', '163', '87', '1973-09-15 18:33:37');
INSERT INTO `likes` (`id`, `user_id`, `media_id`, `created_at`) VALUES ('88', '167', '88', '1991-04-20 02:20:30');
INSERT INTO `likes` (`id`, `user_id`, `media_id`, `created_at`) VALUES ('89', '168', '89', '2003-10-24 22:29:56');
INSERT INTO `likes` (`id`, `user_id`, `media_id`, `created_at`) VALUES ('90', '169', '90', '1995-10-14 20:09:31');
INSERT INTO `likes` (`id`, `user_id`, `media_id`, `created_at`) VALUES ('91', '170', '91', '1973-03-06 05:29:46');
INSERT INTO `likes` (`id`, `user_id`, `media_id`, `created_at`) VALUES ('92', '171', '92', '1973-06-03 03:28:03');
INSERT INTO `likes` (`id`, `user_id`, `media_id`, `created_at`) VALUES ('93', '173', '93', '1981-09-19 16:32:57');
INSERT INTO `likes` (`id`, `user_id`, `media_id`, `created_at`) VALUES ('94', '176', '94', '1974-10-11 22:24:00');
INSERT INTO `likes` (`id`, `user_id`, `media_id`, `created_at`) VALUES ('95', '177', '95', '1985-10-03 06:15:37');
INSERT INTO `likes` (`id`, `user_id`, `media_id`, `created_at`) VALUES ('96', '179', '96', '1980-04-27 19:32:11');
INSERT INTO `likes` (`id`, `user_id`, `media_id`, `created_at`) VALUES ('97', '181', '97', '2011-04-08 21:25:20');
INSERT INTO `likes` (`id`, `user_id`, `media_id`, `created_at`) VALUES ('98', '185', '98', '1993-04-09 23:57:47');
INSERT INTO `likes` (`id`, `user_id`, `media_id`, `created_at`) VALUES ('99', '186', '99', '1992-05-30 16:40:44');
INSERT INTO `likes` (`id`, `user_id`, `media_id`, `created_at`) VALUES ('100', '187', '100', '2020-11-18 23:52:36');


#
# TABLE STRUCTURE FOR: media
#

DROP TABLE IF EXISTS `media`;

CREATE TABLE `media` (
  `id` bigint(20) unsigned NOT NULL AUTO_INCREMENT,
  `media_type_id` bigint(20) unsigned NOT NULL,
  `user_id` bigint(20) unsigned NOT NULL,
  `body` text COLLATE utf8mb4_unicode_ci DEFAULT NULL,
  `filename` varchar(255) COLLATE utf8mb4_unicode_ci DEFAULT NULL,
  `size` int(11) DEFAULT NULL,
  `metadata` longtext CHARACTER SET utf8mb4 COLLATE utf8mb4_bin DEFAULT NULL CHECK (json_valid(`metadata`)),
  `created_at` datetime DEFAULT current_timestamp(),
  `updated_at` datetime DEFAULT NULL ON UPDATE current_timestamp(),
  UNIQUE KEY `id` (`id`),
  KEY `user_id` (`user_id`),
  KEY `media_type_id` (`media_type_id`),
  CONSTRAINT `media_ibfk_1` FOREIGN KEY (`user_id`) REFERENCES `users` (`id`),
  CONSTRAINT `media_ibfk_2` FOREIGN KEY (`media_type_id`) REFERENCES `media_types` (`id`)
) ENGINE=InnoDB AUTO_INCREMENT=101 DEFAULT CHARSET=utf8mb4 COLLATE=utf8mb4_unicode_ci;

INSERT INTO `media` (`id`, `media_type_id`, `user_id`, `body`, `filename`, `size`, `metadata`, `created_at`, `updated_at`) VALUES ('1', '1', '101', 'Adipisci quaerat fugit et quibusdam ipsam voluptas. Quo maxime natus omnis velit eos voluptates.', 'ut', 913580, NULL, '1972-12-31 21:01:24', '2012-04-10 02:29:25');
INSERT INTO `media` (`id`, `media_type_id`, `user_id`, `body`, `filename`, `size`, `metadata`, `created_at`, `updated_at`) VALUES ('2', '2', '102', 'Non vitae veniam architecto. Consequatur et non amet. Vel aliquid neque voluptatem libero. Velit voluptatem rem voluptatibus enim numquam vel eos. Porro atque deleniti dolorem deleniti suscipit.', 'enim', 4984075, NULL, '2015-10-03 09:54:31', '2014-07-17 06:52:51');
INSERT INTO `media` (`id`, `media_type_id`, `user_id`, `body`, `filename`, `size`, `metadata`, `created_at`, `updated_at`) VALUES ('3', '3', '103', 'Et ipsam soluta repudiandae reprehenderit. Ipsam exercitationem atque et ad eos optio. Incidunt commodi quibusdam accusamus qui rerum sit rerum aut. Facilis occaecati dolorum ducimus consectetur.', 'corporis', 750, NULL, '2012-05-17 09:25:43', '1995-08-29 22:30:10');
INSERT INTO `media` (`id`, `media_type_id`, `user_id`, `body`, `filename`, `size`, `metadata`, `created_at`, `updated_at`) VALUES ('4', '4', '104', 'Cumque non voluptate cumque nesciunt deleniti odit itaque. Rem cupiditate adipisci expedita aut. Ea voluptatem sunt id ea voluptatem eveniet.', 'consectetur', 5765738, NULL, '1972-03-26 02:35:57', '1986-01-15 09:41:40');
INSERT INTO `media` (`id`, `media_type_id`, `user_id`, `body`, `filename`, `size`, `metadata`, `created_at`, `updated_at`) VALUES ('5', '5', '107', 'Debitis natus quos consequuntur dolor nemo distinctio. Et est delectus facilis est. Dignissimos expedita totam ducimus et quae. Architecto consequatur itaque ratione.', 'sed', 0, NULL, '2000-04-12 20:00:52', '2021-06-27 04:12:33');
INSERT INTO `media` (`id`, `media_type_id`, `user_id`, `body`, `filename`, `size`, `metadata`, `created_at`, `updated_at`) VALUES ('6', '6', '108', 'Optio eos similique harum fugit non enim enim. Animi illum molestias debitis rerum voluptatem sunt. Molestias occaecati culpa debitis dolor est illo.', 'mollitia', 7326, NULL, '1995-08-16 14:03:12', '2004-01-08 22:18:30');
INSERT INTO `media` (`id`, `media_type_id`, `user_id`, `body`, `filename`, `size`, `metadata`, `created_at`, `updated_at`) VALUES ('7', '7', '109', 'Sapiente esse tempore ipsam. Sit voluptates explicabo quam aut esse iste totam. Deserunt sed adipisci officiis iusto accusamus voluptatum. Rerum qui quidem omnis sapiente repudiandae aliquid a voluptas.', 'nam', 71060, NULL, '2002-10-08 20:55:56', '1991-06-04 00:03:59');
INSERT INTO `media` (`id`, `media_type_id`, `user_id`, `body`, `filename`, `size`, `metadata`, `created_at`, `updated_at`) VALUES ('8', '8', '112', 'Velit commodi voluptatibus numquam aut. Facere consequatur sint est ullam. Eos et eaque vitae praesentium voluptas similique laudantium. Maiores enim sapiente amet et voluptatem nihil. Asperiores pariatur id aut sint odit.', 'velit', 533084527, NULL, '1975-03-28 20:31:27', '2021-10-07 11:54:06');
INSERT INTO `media` (`id`, `media_type_id`, `user_id`, `body`, `filename`, `size`, `metadata`, `created_at`, `updated_at`) VALUES ('9', '9', '113', 'Quia numquam maxime optio porro pariatur. Assumenda velit at ut recusandae nisi. Esse eveniet optio voluptatem qui minima. Omnis mollitia et recusandae vitae et voluptatibus excepturi placeat.', 'quis', 0, NULL, '1986-06-15 17:16:05', '2002-10-27 15:56:45');
INSERT INTO `media` (`id`, `media_type_id`, `user_id`, `body`, `filename`, `size`, `metadata`, `created_at`, `updated_at`) VALUES ('10', '10', '114', 'Sit fuga vel sint minima. Est ipsum repellendus qui. Vitae perspiciatis est alias dolores. Aspernatur aspernatur voluptatum vitae architecto.', 'dolorem', 898, NULL, '1979-09-02 20:45:49', '1993-08-09 10:19:49');
INSERT INTO `media` (`id`, `media_type_id`, `user_id`, `body`, `filename`, `size`, `metadata`, `created_at`, `updated_at`) VALUES ('11', '11', '117', 'Adipisci error qui voluptatem qui. Asperiores aut id omnis corporis modi.', 'ad', 761482513, NULL, '2007-04-22 00:35:22', '2003-04-23 03:19:00');
INSERT INTO `media` (`id`, `media_type_id`, `user_id`, `body`, `filename`, `size`, `metadata`, `created_at`, `updated_at`) VALUES ('12', '12', '118', 'Asperiores et alias est qui. Dolore ullam itaque delectus. Qui ut quo inventore. Fugiat cum totam sed quia possimus quae ut neque.', 'illo', 705479, NULL, '2001-09-12 07:01:41', '2004-11-06 02:36:43');
INSERT INTO `media` (`id`, `media_type_id`, `user_id`, `body`, `filename`, `size`, `metadata`, `created_at`, `updated_at`) VALUES ('13', '13', '121', 'Enim impedit omnis aliquam rerum. Vero perferendis optio doloribus fugiat omnis adipisci delectus autem. Voluptatem sunt fuga porro odit similique nostrum. Sapiente qui exercitationem id blanditiis adipisci.', 'odit', 4, NULL, '1996-12-24 09:58:30', '1989-09-14 04:32:46');
INSERT INTO `media` (`id`, `media_type_id`, `user_id`, `body`, `filename`, `size`, `metadata`, `created_at`, `updated_at`) VALUES ('14', '14', '123', 'Sequi odio voluptatem ut maiores eligendi laudantium aliquam. Nobis aut ut officiis quo nisi veniam qui. Atque expedita modi soluta accusantium vero explicabo. Autem quod alias et ratione voluptatem voluptatem. Quisquam molestias expedita consequatur.', 'reiciendis', 161214530, NULL, '2015-05-19 18:15:56', '2006-06-15 04:38:44');
INSERT INTO `media` (`id`, `media_type_id`, `user_id`, `body`, `filename`, `size`, `metadata`, `created_at`, `updated_at`) VALUES ('15', '15', '124', 'Rerum sit doloremque sit consequatur aut. Facere saepe ullam at sunt. Numquam nobis et ad excepturi quod a cumque qui.', 'aut', 886300, NULL, '1987-05-17 21:01:30', '1981-08-28 01:02:07');
INSERT INTO `media` (`id`, `media_type_id`, `user_id`, `body`, `filename`, `size`, `metadata`, `created_at`, `updated_at`) VALUES ('16', '16', '125', 'Ab autem provident consequatur debitis suscipit. Perspiciatis beatae eligendi rerum consequuntur mollitia aut. Molestiae molestiae et itaque animi rerum porro quia iure.', 'voluptatum', 9, NULL, '1975-02-12 21:53:22', '2002-11-12 18:04:29');
INSERT INTO `media` (`id`, `media_type_id`, `user_id`, `body`, `filename`, `size`, `metadata`, `created_at`, `updated_at`) VALUES ('17', '17', '128', 'Veniam sunt dolorum dolorem fugiat. Impedit rerum sequi exercitationem et dolorem libero. Non fugit ducimus nulla quaerat facilis.', 'delectus', 0, NULL, '2012-01-09 17:01:26', '1982-02-14 15:54:54');
INSERT INTO `media` (`id`, `media_type_id`, `user_id`, `body`, `filename`, `size`, `metadata`, `created_at`, `updated_at`) VALUES ('18', '18', '129', 'Ab aut ad id repellendus tempora laudantium quaerat unde. Itaque necessitatibus atque aut recusandae hic. Aut sed esse iusto qui repellendus et.', 'aperiam', 973183, NULL, '1993-04-15 00:29:56', '1970-11-23 16:17:47');
INSERT INTO `media` (`id`, `media_type_id`, `user_id`, `body`, `filename`, `size`, `metadata`, `created_at`, `updated_at`) VALUES ('19', '19', '130', 'Voluptatibus modi cum consequatur ipsa. Soluta quis et facere nemo ut nihil voluptatibus ut. Minus quisquam harum esse non corporis quaerat nihil. Natus fugit nostrum in omnis adipisci aspernatur quaerat sit.', 'veritatis', 5120972, NULL, '2009-05-18 01:17:07', '2000-04-10 17:35:32');
INSERT INTO `media` (`id`, `media_type_id`, `user_id`, `body`, `filename`, `size`, `metadata`, `created_at`, `updated_at`) VALUES ('20', '20', '132', 'Officia consequatur eum reprehenderit omnis. Nemo velit rem nisi aut. Natus odit quia qui vel ducimus velit enim. Debitis eius ut magnam dolor veniam minus.', 'quia', 20668, NULL, '1997-12-05 16:13:06', '2011-02-01 20:03:23');
INSERT INTO `media` (`id`, `media_type_id`, `user_id`, `body`, `filename`, `size`, `metadata`, `created_at`, `updated_at`) VALUES ('21', '21', '133', 'Molestias voluptas ab ut rem quia. Officiis excepturi non commodi qui quasi iusto voluptas quia. Unde incidunt sit rerum cumque ea consequatur aut amet.', 'necessitatibus', 4367, NULL, '2007-10-13 01:33:35', '2005-10-13 22:14:35');
INSERT INTO `media` (`id`, `media_type_id`, `user_id`, `body`, `filename`, `size`, `metadata`, `created_at`, `updated_at`) VALUES ('22', '22', '134', 'Provident explicabo reprehenderit deleniti itaque est magni consequuntur aperiam. Et non quibusdam vero dolor autem quisquam. Doloremque consequatur libero maxime ullam. Deserunt suscipit sint et distinctio. Adipisci harum in laborum eos consequatur.', 'eveniet', 691169000, NULL, '2013-09-21 01:43:22', '2010-01-12 20:00:05');
INSERT INTO `media` (`id`, `media_type_id`, `user_id`, `body`, `filename`, `size`, `metadata`, `created_at`, `updated_at`) VALUES ('23', '23', '137', 'Consequatur et accusantium quidem laborum. Quas sequi modi eum et laudantium. Maxime libero sunt praesentium quisquam et. Aut natus et qui cum rerum maiores labore.', 'quod', 28015098, NULL, '1976-01-29 21:44:52', '1989-12-12 05:27:05');
INSERT INTO `media` (`id`, `media_type_id`, `user_id`, `body`, `filename`, `size`, `metadata`, `created_at`, `updated_at`) VALUES ('24', '24', '139', 'Perspiciatis incidunt nulla odit. Corporis id corrupti voluptatem suscipit ipsa eaque. Eos omnis ipsum ea ullam libero aut. Ipsa eum et culpa eum ut laborum enim.', 'recusandae', 7, NULL, '1992-04-14 18:48:58', '1972-12-07 01:23:39');
INSERT INTO `media` (`id`, `media_type_id`, `user_id`, `body`, `filename`, `size`, `metadata`, `created_at`, `updated_at`) VALUES ('25', '25', '142', 'Cumque amet quia dolorum. Aut quae qui quia aut expedita. Totam laudantium natus iste ducimus fugiat provident. Officiis praesentium consequatur quisquam quasi id delectus eos corporis.', 'tempora', 35970, NULL, '1994-01-22 14:58:37', '1993-10-31 03:28:59');
INSERT INTO `media` (`id`, `media_type_id`, `user_id`, `body`, `filename`, `size`, `metadata`, `created_at`, `updated_at`) VALUES ('26', '26', '144', 'Eum dolor similique sint nobis. Nihil commodi mollitia sit omnis nesciunt. Rerum quibusdam dolores inventore molestiae asperiores. Quia numquam ex doloribus laboriosam aspernatur et. Placeat quis deserunt corrupti laborum.', 'cumque', 1, NULL, '2021-08-15 02:43:17', '2007-04-13 03:10:41');
INSERT INTO `media` (`id`, `media_type_id`, `user_id`, `body`, `filename`, `size`, `metadata`, `created_at`, `updated_at`) VALUES ('27', '27', '145', 'Totam quisquam corporis non sed. Consequuntur blanditiis velit dicta ipsam itaque fuga. Dolorum nihil nostrum soluta expedita vel fugiat alias. Voluptate impedit alias enim voluptate qui.', 'est', 3, NULL, '1970-03-08 01:04:14', '1998-03-02 07:20:32');
INSERT INTO `media` (`id`, `media_type_id`, `user_id`, `body`, `filename`, `size`, `metadata`, `created_at`, `updated_at`) VALUES ('28', '28', '146', 'Et sit ipsum maxime assumenda consectetur. Architecto sed perspiciatis illo omnis ducimus. Repellat quia qui voluptatibus voluptatum provident sed ea.', 'eum', 0, NULL, '2015-04-28 08:41:08', '2007-03-20 19:09:37');
INSERT INTO `media` (`id`, `media_type_id`, `user_id`, `body`, `filename`, `size`, `metadata`, `created_at`, `updated_at`) VALUES ('29', '29', '150', 'Vero perferendis ex nesciunt fugit minus. Autem laboriosam velit veniam. Ut ea nihil pariatur blanditiis corporis. Unde autem corporis sed.', 'voluptas', 2, NULL, '2015-08-27 14:01:24', '1973-10-17 04:24:52');
INSERT INTO `media` (`id`, `media_type_id`, `user_id`, `body`, `filename`, `size`, `metadata`, `created_at`, `updated_at`) VALUES ('30', '30', '153', 'Corporis aperiam dolore saepe natus enim sequi. Totam quisquam iure cupiditate quis. Reprehenderit id rem nobis ut soluta consequatur enim.', 'cum', 45149, NULL, '1987-04-14 14:10:35', '2003-12-22 11:18:10');
INSERT INTO `media` (`id`, `media_type_id`, `user_id`, `body`, `filename`, `size`, `metadata`, `created_at`, `updated_at`) VALUES ('31', '31', '154', 'Nemo esse rerum ut eum maiores rerum magni. Et ea tempore molestiae voluptatibus aperiam voluptatibus labore. Eos aut cum qui numquam minus. Inventore rerum voluptatum ducimus ipsa facere soluta facilis.', 'et', 2821085, NULL, '1986-03-13 14:35:19', '2017-08-25 01:32:54');
INSERT INTO `media` (`id`, `media_type_id`, `user_id`, `body`, `filename`, `size`, `metadata`, `created_at`, `updated_at`) VALUES ('32', '32', '156', 'Facilis alias nostrum doloribus temporibus est omnis. Temporibus velit quo consequatur ducimus voluptas dolores in. Qui neque ea accusantium consequatur. Amet voluptatem est libero rerum adipisci.', 'eligendi', 0, NULL, '1980-08-17 18:34:39', '2012-08-11 04:16:36');
INSERT INTO `media` (`id`, `media_type_id`, `user_id`, `body`, `filename`, `size`, `metadata`, `created_at`, `updated_at`) VALUES ('33', '33', '163', 'Vero veniam delectus consequatur possimus in. Totam ut sed dolorum aperiam. Ut et eos fugiat odio iure voluptas fugiat. Accusantium corporis aut qui repellendus quibusdam enim accusantium numquam. Excepturi quas quia omnis est qui est dignissimos.', 'non', 8194049, NULL, '2008-07-10 12:12:44', '2016-07-23 22:03:46');
INSERT INTO `media` (`id`, `media_type_id`, `user_id`, `body`, `filename`, `size`, `metadata`, `created_at`, `updated_at`) VALUES ('34', '34', '167', 'Qui iusto dolorem delectus iusto error fugiat ut error. Quia sed corrupti ea expedita nemo sed eum impedit.', 'omnis', 5594578, NULL, '1996-07-21 20:15:23', '2014-09-27 15:59:22');
INSERT INTO `media` (`id`, `media_type_id`, `user_id`, `body`, `filename`, `size`, `metadata`, `created_at`, `updated_at`) VALUES ('35', '35', '168', 'Eos tempora et accusantium hic temporibus officiis. Aperiam perspiciatis cumque iusto et et. Ea doloremque harum quaerat consequuntur. Nam quibusdam qui voluptas quos sapiente.', 'et', 6, NULL, '1987-02-22 07:40:14', '1989-02-06 12:33:47');
INSERT INTO `media` (`id`, `media_type_id`, `user_id`, `body`, `filename`, `size`, `metadata`, `created_at`, `updated_at`) VALUES ('36', '36', '169', 'Laborum quaerat id consequuntur beatae qui omnis occaecati tempore. Consequuntur corporis soluta consequuntur voluptatem maiores autem inventore. Autem odio saepe veritatis alias illo atque doloribus qui. Occaecati pariatur asperiores sequi in maxime dolores mollitia. Recusandae voluptatibus omnis sit vitae corporis.', 'eum', 8, NULL, '1972-07-01 17:03:14', '1986-10-19 22:10:35');
INSERT INTO `media` (`id`, `media_type_id`, `user_id`, `body`, `filename`, `size`, `metadata`, `created_at`, `updated_at`) VALUES ('37', '37', '170', 'Saepe hic vel quis ratione reiciendis exercitationem. Et ea rem et alias eveniet quod corrupti. Quia sed odio magnam officiis amet tempore voluptas. Sed quis et sint asperiores.', 'quia', 76901647, NULL, '1984-02-15 10:03:20', '2020-08-26 19:57:16');
INSERT INTO `media` (`id`, `media_type_id`, `user_id`, `body`, `filename`, `size`, `metadata`, `created_at`, `updated_at`) VALUES ('38', '38', '171', 'Est et libero eius voluptatem consequuntur eaque qui. Et totam et officiis delectus. Ipsum eveniet omnis et aliquam.', 'suscipit', 5469272, NULL, '2018-07-22 20:53:53', '1988-06-22 04:48:22');
INSERT INTO `media` (`id`, `media_type_id`, `user_id`, `body`, `filename`, `size`, `metadata`, `created_at`, `updated_at`) VALUES ('39', '39', '173', 'Ea doloribus facilis modi similique. Mollitia vero fugit molestiae atque nihil officia fugit. Assumenda molestiae possimus et.', 'commodi', 5971955, NULL, '2016-07-23 00:43:22', '1984-08-31 06:18:10');
INSERT INTO `media` (`id`, `media_type_id`, `user_id`, `body`, `filename`, `size`, `metadata`, `created_at`, `updated_at`) VALUES ('40', '40', '176', 'Enim esse magnam aliquam sit quidem. Sapiente non ducimus voluptas possimus est. Ducimus rerum voluptas unde reiciendis. Ducimus repellat veniam optio eius praesentium ipsa.', 'a', 4262662, NULL, '2017-07-21 06:19:33', '2016-12-07 20:55:41');
INSERT INTO `media` (`id`, `media_type_id`, `user_id`, `body`, `filename`, `size`, `metadata`, `created_at`, `updated_at`) VALUES ('41', '41', '177', 'Doloremque aliquam temporibus voluptatem sequi dolores. Illo similique optio saepe qui reiciendis quibusdam et id. Nostrum rerum voluptatem nesciunt odio illo.', 'neque', 4, NULL, '1990-04-06 21:08:53', '1984-03-16 03:55:48');
INSERT INTO `media` (`id`, `media_type_id`, `user_id`, `body`, `filename`, `size`, `metadata`, `created_at`, `updated_at`) VALUES ('42', '42', '179', 'Et aperiam aut consequatur et. Voluptas non distinctio sit voluptatem beatae. Eos sit eius ullam corrupti. Quas consectetur voluptates non esse assumenda est non. Et accusantium et ut non harum nisi nemo.', 'non', 902792, NULL, '2005-01-17 03:45:48', '2005-11-05 22:22:17');
INSERT INTO `media` (`id`, `media_type_id`, `user_id`, `body`, `filename`, `size`, `metadata`, `created_at`, `updated_at`) VALUES ('43', '43', '181', 'Eaque sed facilis libero. Consequatur necessitatibus quibusdam qui et fugiat. Nihil iste aut omnis ducimus.', 'perspiciatis', 993236, NULL, '1996-07-25 21:30:09', '1992-02-28 05:27:36');
INSERT INTO `media` (`id`, `media_type_id`, `user_id`, `body`, `filename`, `size`, `metadata`, `created_at`, `updated_at`) VALUES ('44', '44', '185', 'Atque debitis commodi fugit. Neque reprehenderit expedita id tempora ipsam nihil aperiam. Nihil voluptas doloribus quod illo. Quas non alias dolores perferendis consequatur.', 'voluptas', 534906, NULL, '1989-08-02 05:45:22', '2018-07-17 21:21:11');
INSERT INTO `media` (`id`, `media_type_id`, `user_id`, `body`, `filename`, `size`, `metadata`, `created_at`, `updated_at`) VALUES ('45', '45', '186', 'Aliquid sunt culpa maxime nihil. Quam et doloribus consequuntur laboriosam libero ab expedita aliquid. Et suscipit eaque est ea sit aspernatur.', 'adipisci', 856, NULL, '2016-06-22 19:56:07', '1997-02-26 00:21:16');
INSERT INTO `media` (`id`, `media_type_id`, `user_id`, `body`, `filename`, `size`, `metadata`, `created_at`, `updated_at`) VALUES ('46', '46', '187', 'Quo fugiat tempore ratione itaque officia voluptatem maiores. Quam ipsam exercitationem quidem perspiciatis ducimus ut iusto. Corporis ipsa voluptatibus nam.', 'voluptate', 984842378, NULL, '1995-10-17 13:46:24', '1979-06-12 15:30:13');
INSERT INTO `media` (`id`, `media_type_id`, `user_id`, `body`, `filename`, `size`, `metadata`, `created_at`, `updated_at`) VALUES ('47', '47', '190', 'Est enim iste vero. Sed veniam fuga dolorum blanditiis tempore. Nostrum odit ut qui iure et. Voluptatibus non est saepe.', 'cum', 3807650, NULL, '1989-03-25 15:57:49', '2010-08-14 01:09:54');
INSERT INTO `media` (`id`, `media_type_id`, `user_id`, `body`, `filename`, `size`, `metadata`, `created_at`, `updated_at`) VALUES ('48', '48', '191', 'Aut eos totam modi in dolorum quo. Et ut cupiditate omnis ipsum qui praesentium recusandae. Atque ea omnis neque ullam est saepe in.', 'necessitatibus', 750866, NULL, '1985-03-28 23:37:40', '1980-10-09 17:24:17');
INSERT INTO `media` (`id`, `media_type_id`, `user_id`, `body`, `filename`, `size`, `metadata`, `created_at`, `updated_at`) VALUES ('49', '49', '192', 'Qui hic est at nihil eligendi sapiente inventore. Reprehenderit est magnam laboriosam doloremque saepe. Omnis adipisci ratione beatae assumenda maiores maxime id. Provident excepturi aliquam molestiae.', 'eum', 22949, NULL, '2015-07-03 05:56:26', '1982-12-09 03:07:48');
INSERT INTO `media` (`id`, `media_type_id`, `user_id`, `body`, `filename`, `size`, `metadata`, `created_at`, `updated_at`) VALUES ('50', '50', '193', 'Ut similique voluptatum quia harum cumque dolor. Sit ullam perspiciatis nisi. Est autem cum tenetur molestiae iste harum saepe.', 'maiores', 15262179, NULL, '1991-03-05 11:18:12', '2009-09-03 16:02:27');
INSERT INTO `media` (`id`, `media_type_id`, `user_id`, `body`, `filename`, `size`, `metadata`, `created_at`, `updated_at`) VALUES ('51', '51', '195', 'Aut unde nobis impedit dicta ipsa velit fugiat sunt. Ipsa quidem hic culpa minus reprehenderit officia. Libero et in minus magnam id quo.', 'occaecati', 33, NULL, '1988-07-02 04:26:16', '1996-01-28 19:38:33');
INSERT INTO `media` (`id`, `media_type_id`, `user_id`, `body`, `filename`, `size`, `metadata`, `created_at`, `updated_at`) VALUES ('52', '52', '196', 'Fugit ad fugiat similique illum inventore hic perferendis. Quos hic non incidunt aut est similique asperiores facilis.', 'dolorem', 0, NULL, '1970-05-29 23:33:47', '1995-10-14 18:19:58');
INSERT INTO `media` (`id`, `media_type_id`, `user_id`, `body`, `filename`, `size`, `metadata`, `created_at`, `updated_at`) VALUES ('53', '53', '197', 'Quasi dignissimos repudiandae officia sit dolorem. Id qui recusandae aut eum adipisci sit quo. Earum placeat ut asperiores vel voluptas facilis harum.', 'provident', 11, NULL, '1989-07-19 06:24:23', '1995-08-18 08:41:42');
INSERT INTO `media` (`id`, `media_type_id`, `user_id`, `body`, `filename`, `size`, `metadata`, `created_at`, `updated_at`) VALUES ('54', '54', '200', 'Architecto necessitatibus quam dolor quidem. Enim consectetur est sunt fuga atque quisquam. Dolorum perferendis non sapiente optio molestiae sit.', 'reiciendis', 59749209, NULL, '1992-06-25 03:24:54', '2002-11-28 20:29:32');
INSERT INTO `media` (`id`, `media_type_id`, `user_id`, `body`, `filename`, `size`, `metadata`, `created_at`, `updated_at`) VALUES ('55', '55', '101', 'Ut minima officia deserunt enim fugit. Alias perspiciatis vel a praesentium sed. Itaque rerum veniam sunt facere ut.', 'perferendis', 86614451, NULL, '1973-01-04 03:38:07', '1999-02-26 02:25:56');
INSERT INTO `media` (`id`, `media_type_id`, `user_id`, `body`, `filename`, `size`, `metadata`, `created_at`, `updated_at`) VALUES ('56', '56', '102', 'Est ipsam at et id saepe recusandae suscipit. Rerum nisi doloribus animi voluptate aliquid nisi. Et maiores delectus aliquid illo rerum porro repellendus.', 'beatae', 329245775, NULL, '1988-07-15 19:49:57', '1988-09-18 23:49:29');
INSERT INTO `media` (`id`, `media_type_id`, `user_id`, `body`, `filename`, `size`, `metadata`, `created_at`, `updated_at`) VALUES ('57', '57', '103', 'Et labore sunt soluta qui. Magni eveniet nulla accusamus natus quae aut non natus. Sit veniam quas harum qui impedit sed dolores. Facilis eligendi et eos autem eos culpa aut.', 'explicabo', 68672, NULL, '1978-02-03 12:07:20', '2014-10-30 17:19:11');
INSERT INTO `media` (`id`, `media_type_id`, `user_id`, `body`, `filename`, `size`, `metadata`, `created_at`, `updated_at`) VALUES ('58', '58', '104', 'Suscipit eaque vero quidem velit facilis numquam. Nemo quidem voluptatum iusto animi soluta. Doloribus consequatur repudiandae sed nam eum hic numquam.', 'impedit', 777636311, NULL, '1988-07-20 05:00:19', '2014-07-23 05:09:29');
INSERT INTO `media` (`id`, `media_type_id`, `user_id`, `body`, `filename`, `size`, `metadata`, `created_at`, `updated_at`) VALUES ('59', '59', '107', 'Consequatur et sint quo non nobis autem non. Totam debitis enim enim et minima. Fugit quas cum molestiae.', 'non', 1, NULL, '2004-03-02 04:05:09', '2000-12-16 21:44:53');
INSERT INTO `media` (`id`, `media_type_id`, `user_id`, `body`, `filename`, `size`, `metadata`, `created_at`, `updated_at`) VALUES ('60', '60', '108', 'Numquam recusandae aperiam esse non labore omnis fugiat. Aliquid dicta quis iste corporis temporibus voluptatem. Odio voluptatibus enim et aliquam suscipit magnam. Quo nobis expedita cumque dolor laboriosam temporibus.', 'aspernatur', 323, NULL, '1974-09-02 20:28:37', '1993-06-14 07:36:02');
INSERT INTO `media` (`id`, `media_type_id`, `user_id`, `body`, `filename`, `size`, `metadata`, `created_at`, `updated_at`) VALUES ('61', '61', '109', 'Voluptatem rerum non ducimus ea porro aliquam. Alias debitis illum facere consequatur. Quo excepturi hic eligendi. Qui et architecto qui dolores.', 'velit', 0, NULL, '2013-11-19 09:40:23', '2014-08-03 16:31:08');
INSERT INTO `media` (`id`, `media_type_id`, `user_id`, `body`, `filename`, `size`, `metadata`, `created_at`, `updated_at`) VALUES ('62', '62', '112', 'Atque illo veniam quos voluptates quod. Quis commodi omnis quas illum quasi harum ipsam. Aperiam ut est aspernatur. Iusto dolorem dolor repellat molestias cum dolores corporis exercitationem.', 'est', 92734579, NULL, '1999-04-02 12:22:13', '1978-04-08 05:51:35');
INSERT INTO `media` (`id`, `media_type_id`, `user_id`, `body`, `filename`, `size`, `metadata`, `created_at`, `updated_at`) VALUES ('63', '63', '113', 'In asperiores quis sequi sint. Molestias dicta nostrum quam consectetur aut modi. Culpa odit ratione unde eveniet.', 'blanditiis', 7841582, NULL, '1986-12-13 05:48:12', '2006-03-07 00:44:38');
INSERT INTO `media` (`id`, `media_type_id`, `user_id`, `body`, `filename`, `size`, `metadata`, `created_at`, `updated_at`) VALUES ('64', '64', '114', 'Voluptatibus aut consequatur ipsum animi. In ratione laudantium reprehenderit velit optio. Hic voluptatum provident facere velit tempora autem. Laboriosam et vitae neque ut incidunt ea reiciendis.', 'voluptatem', 5475, NULL, '2009-07-21 12:11:28', '1972-08-24 23:14:27');
INSERT INTO `media` (`id`, `media_type_id`, `user_id`, `body`, `filename`, `size`, `metadata`, `created_at`, `updated_at`) VALUES ('65', '65', '117', 'Similique sunt ea laborum rerum debitis reprehenderit facere. Voluptates non ex voluptatum molestiae eveniet exercitationem sunt sit. Libero ducimus eveniet mollitia reprehenderit consequatur labore ut. Molestiae voluptatum quos architecto culpa aut.', 'velit', 288864871, NULL, '2012-04-12 16:57:11', '1994-06-24 03:17:15');
INSERT INTO `media` (`id`, `media_type_id`, `user_id`, `body`, `filename`, `size`, `metadata`, `created_at`, `updated_at`) VALUES ('66', '66', '118', 'Consequatur vel tempora aut molestiae quos aperiam. In velit et sint nihil porro saepe. Tenetur assumenda iusto quasi neque omnis.', 'excepturi', 33743, NULL, '1988-03-15 15:03:43', '1973-04-22 13:41:16');
INSERT INTO `media` (`id`, `media_type_id`, `user_id`, `body`, `filename`, `size`, `metadata`, `created_at`, `updated_at`) VALUES ('67', '67', '121', 'Molestiae mollitia ut quos qui. Sunt placeat omnis ullam non magnam error quo.', 'ut', 34751, NULL, '1997-03-31 03:56:37', '2007-10-02 03:52:10');
INSERT INTO `media` (`id`, `media_type_id`, `user_id`, `body`, `filename`, `size`, `metadata`, `created_at`, `updated_at`) VALUES ('68', '68', '123', 'Impedit non adipisci dolor tempore voluptatum. Doloribus explicabo assumenda non accusamus velit recusandae iure. Est aliquid ut voluptas cupiditate ut officiis dolores. Dicta qui iure ut.', 'ipsa', 7240, NULL, '1971-04-20 04:44:48', '2012-05-25 14:38:05');
INSERT INTO `media` (`id`, `media_type_id`, `user_id`, `body`, `filename`, `size`, `metadata`, `created_at`, `updated_at`) VALUES ('69', '69', '124', 'Reiciendis quam repudiandae dolore voluptatem aspernatur quia eum. Assumenda est est impedit. Quo cum inventore dolorem et adipisci ut.', 'consequuntur', 85, NULL, '2003-10-18 21:28:24', '1985-12-27 10:31:28');
INSERT INTO `media` (`id`, `media_type_id`, `user_id`, `body`, `filename`, `size`, `metadata`, `created_at`, `updated_at`) VALUES ('70', '70', '125', 'Quaerat quos in recusandae magni. Quia distinctio in voluptas accusamus. Maiores ea ut et ea et. Neque laborum enim ut porro voluptatem fuga quo aut.', 'ipsa', 54482, NULL, '1990-11-03 14:57:19', '2005-08-28 21:59:12');
INSERT INTO `media` (`id`, `media_type_id`, `user_id`, `body`, `filename`, `size`, `metadata`, `created_at`, `updated_at`) VALUES ('71', '71', '128', 'Et deserunt minima accusamus rerum qui ab fuga. Rem eveniet veritatis rerum est. Fugit tempora dolores eligendi culpa sint ut aliquid labore. Similique doloribus cumque voluptates.', 'quis', 7371, NULL, '2001-02-13 11:27:59', '2011-04-25 19:39:18');
INSERT INTO `media` (`id`, `media_type_id`, `user_id`, `body`, `filename`, `size`, `metadata`, `created_at`, `updated_at`) VALUES ('72', '72', '129', 'Non distinctio explicabo perspiciatis excepturi. Doloremque eum voluptas dolor sint enim quis facere. Impedit harum similique non inventore unde qui quos. Culpa sit ut id modi est eaque sit. Quas ut nemo accusamus eum repellat.', 'eaque', 520, NULL, '2002-07-03 16:00:50', '1986-09-19 19:34:17');
INSERT INTO `media` (`id`, `media_type_id`, `user_id`, `body`, `filename`, `size`, `metadata`, `created_at`, `updated_at`) VALUES ('73', '73', '130', 'Quia ut iusto nobis. Dignissimos quidem asperiores accusamus nesciunt fugit et. Nesciunt qui pariatur totam delectus similique repellendus aut.', 'quaerat', 83, NULL, '1972-06-09 15:42:12', '2008-01-20 06:00:36');
INSERT INTO `media` (`id`, `media_type_id`, `user_id`, `body`, `filename`, `size`, `metadata`, `created_at`, `updated_at`) VALUES ('74', '74', '132', 'Nobis et asperiores et necessitatibus sed. Voluptas dicta in dolorum qui tenetur eos in. Ratione non eius quam omnis quibusdam quos commodi consequatur. Perferendis explicabo suscipit animi voluptatem.', 'cum', 465427, NULL, '1990-02-07 06:04:51', '2015-05-27 10:05:40');
INSERT INTO `media` (`id`, `media_type_id`, `user_id`, `body`, `filename`, `size`, `metadata`, `created_at`, `updated_at`) VALUES ('75', '75', '133', 'Doloribus quidem rerum dicta. Placeat quam asperiores consequatur aspernatur autem. Sit voluptate consequatur numquam doloribus provident itaque reprehenderit. Eveniet blanditiis inventore eos necessitatibus tempore accusamus.', 'quae', 690268945, NULL, '1970-08-22 05:58:18', '2019-08-07 12:20:45');
INSERT INTO `media` (`id`, `media_type_id`, `user_id`, `body`, `filename`, `size`, `metadata`, `created_at`, `updated_at`) VALUES ('76', '76', '134', 'Porro quibusdam autem provident id saepe maxime mollitia. In exercitationem est asperiores neque. Voluptatem sit id quasi delectus omnis facere.', 'quae', 0, NULL, '2005-06-01 10:27:03', '1996-05-19 01:45:03');
INSERT INTO `media` (`id`, `media_type_id`, `user_id`, `body`, `filename`, `size`, `metadata`, `created_at`, `updated_at`) VALUES ('77', '77', '137', 'Illo eligendi aliquid optio hic error aut. Ea eum maiores nulla minima quas. Dolores voluptatem neque possimus vel.', 'magni', 900, NULL, '2015-10-16 10:31:42', '1973-09-21 09:11:52');
INSERT INTO `media` (`id`, `media_type_id`, `user_id`, `body`, `filename`, `size`, `metadata`, `created_at`, `updated_at`) VALUES ('78', '78', '139', 'Et culpa odit nostrum. Est libero ex aut aut explicabo autem. Sit velit corrupti quia reiciendis aliquam ea ut amet.', 'beatae', 97, NULL, '2016-11-19 14:25:53', '1973-02-23 10:16:27');
INSERT INTO `media` (`id`, `media_type_id`, `user_id`, `body`, `filename`, `size`, `metadata`, `created_at`, `updated_at`) VALUES ('79', '79', '142', 'Aliquid vitae dolore eum ea tenetur. Qui fugit quis molestiae sed in dolorum. Ut consequatur tenetur officia modi fugit mollitia accusamus.', 'nesciunt', 6931052, NULL, '2005-03-11 23:56:36', '1986-03-07 21:54:42');
INSERT INTO `media` (`id`, `media_type_id`, `user_id`, `body`, `filename`, `size`, `metadata`, `created_at`, `updated_at`) VALUES ('80', '80', '144', 'Necessitatibus eaque quia ut. Rerum similique voluptatem aut quae velit in. Officia et non iste aliquid sit voluptatum. Ipsa voluptas cum sed sapiente magni consectetur.', 'sequi', 0, NULL, '2000-01-03 00:44:50', '2009-07-31 01:56:45');
INSERT INTO `media` (`id`, `media_type_id`, `user_id`, `body`, `filename`, `size`, `metadata`, `created_at`, `updated_at`) VALUES ('81', '81', '145', 'Sapiente consectetur necessitatibus eum qui id animi sed. Culpa iusto voluptatum explicabo laboriosam iure at. Vel ea ipsam aut optio aperiam. Et minus eum delectus quos nam.', 'qui', 8, NULL, '1983-05-23 19:52:38', '2018-08-19 19:59:43');
INSERT INTO `media` (`id`, `media_type_id`, `user_id`, `body`, `filename`, `size`, `metadata`, `created_at`, `updated_at`) VALUES ('82', '82', '146', 'Molestiae officiis eaque qui minus asperiores nam et et. Recusandae accusantium at officia autem quis iste. Et excepturi ut dolores soluta doloribus. Adipisci consectetur accusantium provident.', 'magni', 0, NULL, '1999-12-07 10:19:35', '1996-12-24 20:35:38');
INSERT INTO `media` (`id`, `media_type_id`, `user_id`, `body`, `filename`, `size`, `metadata`, `created_at`, `updated_at`) VALUES ('83', '83', '150', 'Est qui sit et modi. Iusto tempore eos illo qui expedita quasi repellendus.', 'at', 313883365, NULL, '1994-02-04 18:58:57', '2010-05-04 03:47:48');
INSERT INTO `media` (`id`, `media_type_id`, `user_id`, `body`, `filename`, `size`, `metadata`, `created_at`, `updated_at`) VALUES ('84', '84', '153', 'Sed magni sequi minus sit voluptatem et quae. Nobis sit atque aut et minus beatae. Quidem qui atque libero voluptas voluptas explicabo.', 'est', 0, NULL, '2020-02-14 22:39:03', '1994-07-12 08:21:27');
INSERT INTO `media` (`id`, `media_type_id`, `user_id`, `body`, `filename`, `size`, `metadata`, `created_at`, `updated_at`) VALUES ('85', '85', '154', 'Non ad architecto dolorem non ut temporibus. Molestiae expedita repellendus placeat saepe dolor natus. Recusandae omnis ducimus ea aspernatur occaecati aut. Debitis rem facere consequatur velit atque sed dolore. Odio laborum nemo necessitatibus nam.', 'officia', 974, NULL, '2005-03-25 09:01:15', '2005-09-15 06:01:50');
INSERT INTO `media` (`id`, `media_type_id`, `user_id`, `body`, `filename`, `size`, `metadata`, `created_at`, `updated_at`) VALUES ('86', '86', '156', 'Ipsam aut recusandae id consequuntur. Rerum sint deleniti a nisi veniam est. Esse qui est omnis qui. Aut vel tempore corrupti et atque ut.', 'quia', 216, NULL, '2015-10-06 00:01:39', '1971-02-28 08:08:17');
INSERT INTO `media` (`id`, `media_type_id`, `user_id`, `body`, `filename`, `size`, `metadata`, `created_at`, `updated_at`) VALUES ('87', '87', '163', 'Tempora rerum voluptas fuga et quia sint quis. Nesciunt deserunt quod totam dolore quos. Soluta assumenda culpa accusantium illo voluptas. Possimus architecto atque sit facilis quia.', 'vel', 0, NULL, '2009-02-21 03:05:55', '1984-09-26 05:59:57');
INSERT INTO `media` (`id`, `media_type_id`, `user_id`, `body`, `filename`, `size`, `metadata`, `created_at`, `updated_at`) VALUES ('88', '88', '167', 'Quisquam aut at illo accusantium aut animi et. Sunt minima quo qui tempora. Velit velit et dolorum sed.', 'ut', 99, NULL, '1978-10-02 02:00:17', '1982-11-18 16:22:13');
INSERT INTO `media` (`id`, `media_type_id`, `user_id`, `body`, `filename`, `size`, `metadata`, `created_at`, `updated_at`) VALUES ('89', '89', '168', 'Consequatur voluptas sed adipisci iure nihil. Est aut non minus doloremque ea dolore aperiam harum. Adipisci nisi aut tempore.', 'nulla', 5994, NULL, '2011-02-08 18:42:09', '2012-05-18 22:47:10');
INSERT INTO `media` (`id`, `media_type_id`, `user_id`, `body`, `filename`, `size`, `metadata`, `created_at`, `updated_at`) VALUES ('90', '90', '169', 'Esse iure ad beatae porro doloribus a odit. Tempora aut aut aperiam est aliquid aut. Sed totam et enim ratione possimus.', 'molestiae', 94770032, NULL, '2008-07-04 18:32:17', '1973-01-17 21:56:35');
INSERT INTO `media` (`id`, `media_type_id`, `user_id`, `body`, `filename`, `size`, `metadata`, `created_at`, `updated_at`) VALUES ('91', '91', '170', 'Nesciunt occaecati laborum quia vel. Fugiat quos est dolor deleniti et molestiae magni inventore.', 'excepturi', 8, NULL, '1985-08-07 09:54:12', '2006-12-22 09:36:49');
INSERT INTO `media` (`id`, `media_type_id`, `user_id`, `body`, `filename`, `size`, `metadata`, `created_at`, `updated_at`) VALUES ('92', '92', '171', 'Hic tempora magni placeat rerum. Corrupti id sed aut dolorem explicabo esse voluptas. Magnam vero quia labore ipsum molestiae esse dolorum voluptates. Eius ipsam omnis atque inventore asperiores. Veritatis et nam voluptates expedita autem.', 'ut', 19923, NULL, '1976-03-03 10:41:20', '2009-02-09 00:38:16');
INSERT INTO `media` (`id`, `media_type_id`, `user_id`, `body`, `filename`, `size`, `metadata`, `created_at`, `updated_at`) VALUES ('93', '93', '173', 'Tempore voluptatem et atque veritatis sit. Illo aut mollitia ut quas enim at nisi. Facilis dolor aut molestias. Id et ut sapiente natus nam. Et et odit sapiente placeat rerum est.', 'ipsam', 0, NULL, '1975-01-02 12:08:08', '2000-11-11 16:10:32');
INSERT INTO `media` (`id`, `media_type_id`, `user_id`, `body`, `filename`, `size`, `metadata`, `created_at`, `updated_at`) VALUES ('94', '94', '176', 'Qui rerum perspiciatis quis minima quos cumque. Voluptas sint adipisci et amet. Incidunt quis labore est et esse est. Quis illo perspiciatis soluta culpa natus inventore.', 'debitis', 869, NULL, '2001-12-20 11:51:04', '2013-06-19 03:23:31');
INSERT INTO `media` (`id`, `media_type_id`, `user_id`, `body`, `filename`, `size`, `metadata`, `created_at`, `updated_at`) VALUES ('95', '95', '177', 'Et rerum odio aut voluptatem. Doloremque necessitatibus in non rem facere. Qui est quia voluptatem nisi.', 'aut', 311259915, NULL, '1987-02-12 23:47:04', '1973-03-24 13:02:59');
INSERT INTO `media` (`id`, `media_type_id`, `user_id`, `body`, `filename`, `size`, `metadata`, `created_at`, `updated_at`) VALUES ('96', '96', '179', 'Et est voluptatem voluptatem temporibus eum voluptatem quasi. Et perferendis vel ratione. Aut autem enim quas autem molestiae dicta expedita. Aut illum mollitia ea est saepe.', 'aliquam', 930077087, NULL, '1989-07-16 13:25:16', '1984-08-27 12:16:27');
INSERT INTO `media` (`id`, `media_type_id`, `user_id`, `body`, `filename`, `size`, `metadata`, `created_at`, `updated_at`) VALUES ('97', '97', '181', 'Cupiditate velit et sint dolores. Nam qui qui rerum ducimus et qui. Sit itaque adipisci autem nam deserunt. Et et alias natus animi sed dolore harum. Minima et sunt culpa nemo similique.', 'nemo', 10, NULL, '2010-01-21 06:58:32', '2003-01-16 08:29:34');
INSERT INTO `media` (`id`, `media_type_id`, `user_id`, `body`, `filename`, `size`, `metadata`, `created_at`, `updated_at`) VALUES ('98', '98', '185', 'Et ea sit molestiae numquam impedit et. Porro similique delectus modi ducimus ipsum non enim qui. Libero autem porro exercitationem qui non pariatur. Consequuntur possimus tempora ea ea totam.', 'magni', 1937283, NULL, '2012-05-26 19:10:11', '2009-01-06 02:10:21');
INSERT INTO `media` (`id`, `media_type_id`, `user_id`, `body`, `filename`, `size`, `metadata`, `created_at`, `updated_at`) VALUES ('99', '99', '186', 'Harum enim est nam est delectus omnis. Omnis voluptatem velit dicta ab deleniti laudantium. Iste modi ad ut qui aut.', 'qui', 80009837, NULL, '2013-04-12 01:44:10', '2013-05-06 11:25:09');
INSERT INTO `media` (`id`, `media_type_id`, `user_id`, `body`, `filename`, `size`, `metadata`, `created_at`, `updated_at`) VALUES ('100', '100', '187', 'Explicabo dolorem libero natus dicta tenetur sint debitis. Autem minima qui corporis cupiditate nobis unde. Eum illo et sit quibusdam aut. Consequatur placeat sit velit dolorem sed. Rerum recusandae ipsa sed repudiandae adipisci nemo.', 'itaque', 62705460, NULL, '1998-03-04 09:22:00', '2013-04-27 10:08:36');


#
# TABLE STRUCTURE FOR: media_types
#

DROP TABLE IF EXISTS `media_types`;

CREATE TABLE `media_types` (
  `id` bigint(20) unsigned NOT NULL AUTO_INCREMENT,
  `name` varchar(255) COLLATE utf8mb4_unicode_ci DEFAULT NULL,
  `created_at` datetime DEFAULT current_timestamp(),
  `updated_at` datetime DEFAULT NULL ON UPDATE current_timestamp(),
  UNIQUE KEY `id` (`id`)
) ENGINE=InnoDB AUTO_INCREMENT=101 DEFAULT CHARSET=utf8mb4 COLLATE=utf8mb4_unicode_ci;

INSERT INTO `media_types` (`id`, `name`, `created_at`, `updated_at`) VALUES ('1', 'distinctio', '1993-12-01 22:15:20', '2018-09-17 23:15:22');
INSERT INTO `media_types` (`id`, `name`, `created_at`, `updated_at`) VALUES ('2', 'eligendi', '1975-06-26 20:07:26', '2007-12-20 05:47:37');
INSERT INTO `media_types` (`id`, `name`, `created_at`, `updated_at`) VALUES ('3', 'est', '1998-03-30 15:24:45', '1991-03-28 05:28:54');
INSERT INTO `media_types` (`id`, `name`, `created_at`, `updated_at`) VALUES ('4', 'sunt', '1997-02-18 16:18:31', '2013-03-22 07:29:46');
INSERT INTO `media_types` (`id`, `name`, `created_at`, `updated_at`) VALUES ('5', 'mollitia', '2020-04-18 19:19:12', '1980-03-27 23:44:43');
INSERT INTO `media_types` (`id`, `name`, `created_at`, `updated_at`) VALUES ('6', 'rerum', '1970-09-23 19:28:41', '2001-12-21 15:43:40');
INSERT INTO `media_types` (`id`, `name`, `created_at`, `updated_at`) VALUES ('7', 'tenetur', '1979-08-01 09:00:15', '1987-03-26 13:22:32');
INSERT INTO `media_types` (`id`, `name`, `created_at`, `updated_at`) VALUES ('8', 'et', '1977-05-30 03:01:50', '2018-06-04 08:16:26');
INSERT INTO `media_types` (`id`, `name`, `created_at`, `updated_at`) VALUES ('9', 'molestiae', '1973-07-24 12:47:28', '1993-07-27 19:04:10');
INSERT INTO `media_types` (`id`, `name`, `created_at`, `updated_at`) VALUES ('10', 'molestiae', '2013-03-16 15:05:08', '1985-07-29 00:39:02');
INSERT INTO `media_types` (`id`, `name`, `created_at`, `updated_at`) VALUES ('11', 'incidunt', '1995-12-16 04:36:35', '1978-06-04 10:46:02');
INSERT INTO `media_types` (`id`, `name`, `created_at`, `updated_at`) VALUES ('12', 'soluta', '2001-12-17 19:48:48', '1988-10-26 12:32:17');
INSERT INTO `media_types` (`id`, `name`, `created_at`, `updated_at`) VALUES ('13', 'necessitatibus', '1970-03-07 23:20:14', '1990-05-21 06:00:28');
INSERT INTO `media_types` (`id`, `name`, `created_at`, `updated_at`) VALUES ('14', 'esse', '2007-08-13 10:24:30', '1978-10-18 16:19:11');
INSERT INTO `media_types` (`id`, `name`, `created_at`, `updated_at`) VALUES ('15', 'rerum', '2007-06-01 05:56:31', '1986-11-24 10:56:00');
INSERT INTO `media_types` (`id`, `name`, `created_at`, `updated_at`) VALUES ('16', 'voluptate', '1985-11-29 00:48:50', '2010-07-22 12:52:09');
INSERT INTO `media_types` (`id`, `name`, `created_at`, `updated_at`) VALUES ('17', 'quod', '2001-12-30 15:51:53', '2007-06-30 15:23:38');
INSERT INTO `media_types` (`id`, `name`, `created_at`, `updated_at`) VALUES ('18', 'delectus', '2013-04-15 18:03:05', '2009-10-23 22:09:49');
INSERT INTO `media_types` (`id`, `name`, `created_at`, `updated_at`) VALUES ('19', 'rerum', '1984-09-09 19:00:49', '2020-09-13 22:36:38');
INSERT INTO `media_types` (`id`, `name`, `created_at`, `updated_at`) VALUES ('20', 'reprehenderit', '1979-07-10 23:14:49', '2010-05-22 14:59:06');
INSERT INTO `media_types` (`id`, `name`, `created_at`, `updated_at`) VALUES ('21', 'consequatur', '2011-10-22 15:01:17', '1994-06-03 06:31:51');
INSERT INTO `media_types` (`id`, `name`, `created_at`, `updated_at`) VALUES ('22', 'tempora', '1993-12-27 12:10:17', '2003-07-03 21:58:49');
INSERT INTO `media_types` (`id`, `name`, `created_at`, `updated_at`) VALUES ('23', 'iusto', '1971-07-22 14:54:49', '2012-07-25 01:54:20');
INSERT INTO `media_types` (`id`, `name`, `created_at`, `updated_at`) VALUES ('24', 'sapiente', '2013-08-21 02:46:38', '1980-08-21 15:36:35');
INSERT INTO `media_types` (`id`, `name`, `created_at`, `updated_at`) VALUES ('25', 'inventore', '2005-12-08 00:33:52', '1991-11-07 16:40:44');
INSERT INTO `media_types` (`id`, `name`, `created_at`, `updated_at`) VALUES ('26', 'occaecati', '1978-02-09 10:51:41', '2007-05-06 16:52:22');
INSERT INTO `media_types` (`id`, `name`, `created_at`, `updated_at`) VALUES ('27', 'deserunt', '2010-03-04 15:51:14', '1972-04-02 09:53:17');
INSERT INTO `media_types` (`id`, `name`, `created_at`, `updated_at`) VALUES ('28', 'voluptatem', '2008-08-10 00:25:39', '1989-01-16 20:51:44');
INSERT INTO `media_types` (`id`, `name`, `created_at`, `updated_at`) VALUES ('29', 'molestiae', '1994-06-16 16:33:50', '1972-03-21 22:24:18');
INSERT INTO `media_types` (`id`, `name`, `created_at`, `updated_at`) VALUES ('30', 'ipsa', '1978-04-18 08:03:59', '1982-02-10 09:32:22');
INSERT INTO `media_types` (`id`, `name`, `created_at`, `updated_at`) VALUES ('31', 'nobis', '1979-02-21 21:34:14', '2017-03-08 05:44:08');
INSERT INTO `media_types` (`id`, `name`, `created_at`, `updated_at`) VALUES ('32', 'id', '1973-04-23 06:36:52', '1981-08-30 21:02:07');
INSERT INTO `media_types` (`id`, `name`, `created_at`, `updated_at`) VALUES ('33', 'modi', '1991-05-15 01:28:08', '1993-10-23 02:46:17');
INSERT INTO `media_types` (`id`, `name`, `created_at`, `updated_at`) VALUES ('34', 'enim', '2015-12-13 07:29:23', '1979-05-17 01:18:04');
INSERT INTO `media_types` (`id`, `name`, `created_at`, `updated_at`) VALUES ('35', 'et', '1973-07-25 16:50:41', '1993-04-02 21:39:12');
INSERT INTO `media_types` (`id`, `name`, `created_at`, `updated_at`) VALUES ('36', 'dicta', '1992-04-10 15:32:56', '1970-08-27 05:43:17');
INSERT INTO `media_types` (`id`, `name`, `created_at`, `updated_at`) VALUES ('37', 'cupiditate', '2007-10-30 20:52:59', '2020-09-21 14:06:09');
INSERT INTO `media_types` (`id`, `name`, `created_at`, `updated_at`) VALUES ('38', 'suscipit', '1970-10-19 11:34:11', '2012-08-25 23:21:43');
INSERT INTO `media_types` (`id`, `name`, `created_at`, `updated_at`) VALUES ('39', 'quia', '1974-08-30 15:11:38', '2016-11-17 11:15:10');
INSERT INTO `media_types` (`id`, `name`, `created_at`, `updated_at`) VALUES ('40', 'recusandae', '1991-11-14 14:44:47', '1992-09-24 06:10:26');
INSERT INTO `media_types` (`id`, `name`, `created_at`, `updated_at`) VALUES ('41', 'dicta', '2001-09-03 10:53:01', '1980-02-20 06:33:11');
INSERT INTO `media_types` (`id`, `name`, `created_at`, `updated_at`) VALUES ('42', 'dignissimos', '1977-02-14 20:19:37', '2019-02-22 01:12:58');
INSERT INTO `media_types` (`id`, `name`, `created_at`, `updated_at`) VALUES ('43', 'eos', '1987-07-18 19:50:46', '1981-06-03 03:05:20');
INSERT INTO `media_types` (`id`, `name`, `created_at`, `updated_at`) VALUES ('44', 'numquam', '1990-01-21 11:29:25', '2016-10-27 12:19:31');
INSERT INTO `media_types` (`id`, `name`, `created_at`, `updated_at`) VALUES ('45', 'consequatur', '2021-10-30 16:04:15', '2016-04-05 16:18:27');
INSERT INTO `media_types` (`id`, `name`, `created_at`, `updated_at`) VALUES ('46', 'in', '2000-03-16 05:26:01', '1986-06-12 00:53:59');
INSERT INTO `media_types` (`id`, `name`, `created_at`, `updated_at`) VALUES ('47', 'ut', '2008-10-13 18:12:39', '1971-05-11 07:26:17');
INSERT INTO `media_types` (`id`, `name`, `created_at`, `updated_at`) VALUES ('48', 'reiciendis', '1996-10-26 19:04:21', '1991-02-03 12:09:29');
INSERT INTO `media_types` (`id`, `name`, `created_at`, `updated_at`) VALUES ('49', 'enim', '1998-09-13 09:18:34', '2016-10-01 17:22:38');
INSERT INTO `media_types` (`id`, `name`, `created_at`, `updated_at`) VALUES ('50', 'sunt', '2015-12-11 06:48:20', '1982-04-23 01:08:42');
INSERT INTO `media_types` (`id`, `name`, `created_at`, `updated_at`) VALUES ('51', 'voluptatem', '1999-11-30 19:08:23', '1971-05-11 10:04:49');
INSERT INTO `media_types` (`id`, `name`, `created_at`, `updated_at`) VALUES ('52', 'dolore', '2009-08-03 03:23:33', '1991-10-18 06:30:45');
INSERT INTO `media_types` (`id`, `name`, `created_at`, `updated_at`) VALUES ('53', 'ducimus', '1985-04-05 07:22:08', '1973-09-17 09:51:24');
INSERT INTO `media_types` (`id`, `name`, `created_at`, `updated_at`) VALUES ('54', 'asperiores', '1984-08-08 06:26:13', '2015-08-07 18:25:41');
INSERT INTO `media_types` (`id`, `name`, `created_at`, `updated_at`) VALUES ('55', 'mollitia', '1987-04-20 21:22:19', '2003-09-17 18:35:35');
INSERT INTO `media_types` (`id`, `name`, `created_at`, `updated_at`) VALUES ('56', 'ipsum', '1996-01-17 05:54:50', '1997-07-23 17:21:18');
INSERT INTO `media_types` (`id`, `name`, `created_at`, `updated_at`) VALUES ('57', 'vitae', '1975-06-15 18:04:21', '1979-11-28 15:30:51');
INSERT INTO `media_types` (`id`, `name`, `created_at`, `updated_at`) VALUES ('58', 'aliquam', '2000-09-01 08:34:34', '2010-08-18 05:57:26');
INSERT INTO `media_types` (`id`, `name`, `created_at`, `updated_at`) VALUES ('59', 'sint', '1977-04-24 18:04:11', '1990-04-10 16:28:40');
INSERT INTO `media_types` (`id`, `name`, `created_at`, `updated_at`) VALUES ('60', 'voluptas', '2000-03-31 10:32:34', '2011-10-26 02:07:46');
INSERT INTO `media_types` (`id`, `name`, `created_at`, `updated_at`) VALUES ('61', 'sequi', '1979-06-26 11:42:57', '2002-04-26 22:09:28');
INSERT INTO `media_types` (`id`, `name`, `created_at`, `updated_at`) VALUES ('62', 'quae', '1992-11-09 13:23:07', '2014-04-18 16:57:33');
INSERT INTO `media_types` (`id`, `name`, `created_at`, `updated_at`) VALUES ('63', 'eos', '1998-02-02 14:23:43', '1996-06-23 04:40:42');
INSERT INTO `media_types` (`id`, `name`, `created_at`, `updated_at`) VALUES ('64', 'omnis', '1973-08-04 23:10:37', '1990-03-28 05:32:48');
INSERT INTO `media_types` (`id`, `name`, `created_at`, `updated_at`) VALUES ('65', 'sapiente', '1982-06-26 10:59:26', '1995-08-03 07:52:17');
INSERT INTO `media_types` (`id`, `name`, `created_at`, `updated_at`) VALUES ('66', 'nobis', '2014-04-29 21:05:55', '2012-02-18 20:16:07');
INSERT INTO `media_types` (`id`, `name`, `created_at`, `updated_at`) VALUES ('67', 'ut', '2015-06-07 05:38:41', '1976-01-17 22:26:55');
INSERT INTO `media_types` (`id`, `name`, `created_at`, `updated_at`) VALUES ('68', 'voluptatem', '1983-04-16 21:54:58', '1994-04-01 04:02:08');
INSERT INTO `media_types` (`id`, `name`, `created_at`, `updated_at`) VALUES ('69', 'eum', '1992-02-05 23:43:00', '1990-06-11 00:27:50');
INSERT INTO `media_types` (`id`, `name`, `created_at`, `updated_at`) VALUES ('70', 'eveniet', '1982-11-20 10:21:31', '1981-08-08 03:22:26');
INSERT INTO `media_types` (`id`, `name`, `created_at`, `updated_at`) VALUES ('71', 'pariatur', '2020-04-05 16:26:49', '2019-10-22 05:20:18');
INSERT INTO `media_types` (`id`, `name`, `created_at`, `updated_at`) VALUES ('72', 'nam', '2001-09-01 18:46:26', '2007-08-22 14:08:58');
INSERT INTO `media_types` (`id`, `name`, `created_at`, `updated_at`) VALUES ('73', 'qui', '2010-11-09 10:57:32', '1983-05-13 06:08:04');
INSERT INTO `media_types` (`id`, `name`, `created_at`, `updated_at`) VALUES ('74', 'vel', '1978-08-13 00:20:51', '2007-07-14 19:49:11');
INSERT INTO `media_types` (`id`, `name`, `created_at`, `updated_at`) VALUES ('75', 'ipsum', '2007-04-09 02:14:56', '2003-05-02 01:43:28');
INSERT INTO `media_types` (`id`, `name`, `created_at`, `updated_at`) VALUES ('76', 'officia', '2004-12-07 02:17:07', '2009-06-09 20:56:29');
INSERT INTO `media_types` (`id`, `name`, `created_at`, `updated_at`) VALUES ('77', 'enim', '1992-12-13 15:04:24', '1991-03-16 20:00:26');
INSERT INTO `media_types` (`id`, `name`, `created_at`, `updated_at`) VALUES ('78', 'laudantium', '1988-09-06 18:11:57', '2004-09-11 04:49:22');
INSERT INTO `media_types` (`id`, `name`, `created_at`, `updated_at`) VALUES ('79', 'ipsum', '1998-03-30 02:48:10', '1983-12-12 12:04:17');
INSERT INTO `media_types` (`id`, `name`, `created_at`, `updated_at`) VALUES ('80', 'placeat', '2009-12-10 11:33:47', '2019-03-28 21:47:52');
INSERT INTO `media_types` (`id`, `name`, `created_at`, `updated_at`) VALUES ('81', 'est', '2010-01-30 16:39:57', '2018-07-09 14:27:33');
INSERT INTO `media_types` (`id`, `name`, `created_at`, `updated_at`) VALUES ('82', 'distinctio', '1977-03-14 00:28:16', '2011-03-14 08:20:51');
INSERT INTO `media_types` (`id`, `name`, `created_at`, `updated_at`) VALUES ('83', 'voluptatibus', '1989-05-04 16:42:00', '1984-11-06 01:31:01');
INSERT INTO `media_types` (`id`, `name`, `created_at`, `updated_at`) VALUES ('84', 'ab', '2004-03-15 12:33:45', '2021-02-05 19:02:13');
INSERT INTO `media_types` (`id`, `name`, `created_at`, `updated_at`) VALUES ('85', 'ea', '2014-04-04 07:10:19', '2001-06-08 05:35:37');
INSERT INTO `media_types` (`id`, `name`, `created_at`, `updated_at`) VALUES ('86', 'eligendi', '2011-02-25 22:55:53', '2012-08-06 14:04:04');
INSERT INTO `media_types` (`id`, `name`, `created_at`, `updated_at`) VALUES ('87', 'laboriosam', '2007-05-23 12:54:57', '2005-08-07 15:49:31');
INSERT INTO `media_types` (`id`, `name`, `created_at`, `updated_at`) VALUES ('88', 'impedit', '1977-02-06 16:15:27', '2021-09-26 23:43:54');
INSERT INTO `media_types` (`id`, `name`, `created_at`, `updated_at`) VALUES ('89', 'aut', '1985-07-31 16:54:07', '2002-06-18 16:56:33');
INSERT INTO `media_types` (`id`, `name`, `created_at`, `updated_at`) VALUES ('90', 'dolore', '1972-07-25 18:29:48', '2000-02-29 19:18:19');
INSERT INTO `media_types` (`id`, `name`, `created_at`, `updated_at`) VALUES ('91', 'ut', '1983-05-18 04:47:51', '1979-06-26 22:13:41');
INSERT INTO `media_types` (`id`, `name`, `created_at`, `updated_at`) VALUES ('92', 'veniam', '1991-11-26 00:28:26', '1988-09-24 00:07:46');
INSERT INTO `media_types` (`id`, `name`, `created_at`, `updated_at`) VALUES ('93', 'quo', '1982-11-08 11:12:44', '1973-01-11 05:58:02');
INSERT INTO `media_types` (`id`, `name`, `created_at`, `updated_at`) VALUES ('94', 'eos', '2019-08-04 11:16:01', '1989-03-05 02:30:37');
INSERT INTO `media_types` (`id`, `name`, `created_at`, `updated_at`) VALUES ('95', 'debitis', '2017-06-10 07:44:35', '1982-01-04 04:46:50');
INSERT INTO `media_types` (`id`, `name`, `created_at`, `updated_at`) VALUES ('96', 'nemo', '2018-07-16 04:23:26', '2013-06-10 17:56:23');
INSERT INTO `media_types` (`id`, `name`, `created_at`, `updated_at`) VALUES ('97', 'dolor', '1973-04-25 13:48:44', '1973-09-15 14:50:45');
INSERT INTO `media_types` (`id`, `name`, `created_at`, `updated_at`) VALUES ('98', 'eum', '2019-03-16 07:24:24', '1998-03-31 22:02:31');
INSERT INTO `media_types` (`id`, `name`, `created_at`, `updated_at`) VALUES ('99', 'molestiae', '1997-09-01 08:31:14', '1971-07-23 09:29:41');
INSERT INTO `media_types` (`id`, `name`, `created_at`, `updated_at`) VALUES ('100', 'odio', '2020-03-20 11:14:04', '1971-05-19 21:10:29');


#
# TABLE STRUCTURE FOR: messages
#

DROP TABLE IF EXISTS `messages`;

CREATE TABLE `messages` (
  `id` bigint(20) unsigned NOT NULL AUTO_INCREMENT,
  `from_user_id` bigint(20) unsigned NOT NULL,
  `to_user_id` bigint(20) unsigned NOT NULL,
  `body` text COLLATE utf8mb4_unicode_ci DEFAULT NULL,
  `created_at` datetime DEFAULT current_timestamp(),
  UNIQUE KEY `id` (`id`),
  KEY `from_user_id` (`from_user_id`),
  KEY `to_user_id` (`to_user_id`),
  CONSTRAINT `messages_ibfk_1` FOREIGN KEY (`from_user_id`) REFERENCES `users` (`id`),
  CONSTRAINT `messages_ibfk_2` FOREIGN KEY (`to_user_id`) REFERENCES `users` (`id`)
) ENGINE=InnoDB AUTO_INCREMENT=101 DEFAULT CHARSET=utf8mb4 COLLATE=utf8mb4_unicode_ci;

INSERT INTO `messages` (`id`, `from_user_id`, `to_user_id`, `body`, `created_at`) VALUES ('1', '101', '101', 'Sed quaerat veritatis blanditiis ut et. Iste qui repellat sed rerum quia velit. Qui aspernatur id voluptatem totam sunt sed.', '1987-05-28 04:53:04');
INSERT INTO `messages` (`id`, `from_user_id`, `to_user_id`, `body`, `created_at`) VALUES ('2', '102', '102', 'Qui et aperiam adipisci exercitationem aut voluptate. Eum quisquam similique sint voluptatem molestias. Sapiente optio dolorem dolores quia voluptas. Libero sit eveniet culpa ut autem id.', '2000-05-09 04:55:07');
INSERT INTO `messages` (`id`, `from_user_id`, `to_user_id`, `body`, `created_at`) VALUES ('3', '103', '103', 'Autem error iure sit sapiente. Quis dolores similique est error consectetur quibusdam assumenda. Maiores totam id rerum vel.', '2006-04-26 20:30:52');
INSERT INTO `messages` (`id`, `from_user_id`, `to_user_id`, `body`, `created_at`) VALUES ('4', '104', '104', 'Consequatur laborum provident id cumque sequi et. Nisi iure quis labore sequi qui. Omnis nulla reprehenderit et aspernatur. Pariatur inventore necessitatibus quibusdam quis ad.', '2001-03-29 00:04:51');
INSERT INTO `messages` (`id`, `from_user_id`, `to_user_id`, `body`, `created_at`) VALUES ('5', '107', '107', 'Sed id dolore praesentium temporibus tempore ratione. Qui totam itaque non ratione voluptatem. Iusto vero corporis animi atque id eum. Consequatur aut quasi repellendus voluptas sed doloremque consectetur consequatur.', '1982-01-30 08:37:34');
INSERT INTO `messages` (`id`, `from_user_id`, `to_user_id`, `body`, `created_at`) VALUES ('6', '108', '108', 'Repellat atque repudiandae sit quis nobis aut illum. Facilis dolores et officiis.', '1994-07-11 04:02:33');
INSERT INTO `messages` (`id`, `from_user_id`, `to_user_id`, `body`, `created_at`) VALUES ('7', '109', '109', 'Quis beatae doloribus vel non nemo. Ipsa in doloremque nemo consectetur. Natus non dolorem culpa.', '1996-11-03 10:02:23');
INSERT INTO `messages` (`id`, `from_user_id`, `to_user_id`, `body`, `created_at`) VALUES ('8', '112', '112', 'Ducimus iusto at enim necessitatibus. Voluptas vero placeat quibusdam. Doloribus expedita voluptatem blanditiis. Recusandae animi sunt adipisci voluptatibus cum cupiditate facere. Non suscipit id soluta velit id.', '1986-06-01 07:45:17');
INSERT INTO `messages` (`id`, `from_user_id`, `to_user_id`, `body`, `created_at`) VALUES ('9', '113', '113', 'Hic mollitia aut id aliquam cumque et. Eius illo ut id non officia. Porro commodi in perferendis esse aut ea. Magnam quibusdam quae eveniet autem eligendi molestiae unde sit.', '1983-04-18 03:28:15');
INSERT INTO `messages` (`id`, `from_user_id`, `to_user_id`, `body`, `created_at`) VALUES ('10', '114', '114', 'Provident veniam odio nisi est magnam. Ut esse qui quod culpa qui optio recusandae maiores. Commodi non et enim illum.', '2003-08-03 06:11:22');
INSERT INTO `messages` (`id`, `from_user_id`, `to_user_id`, `body`, `created_at`) VALUES ('11', '117', '117', 'Pariatur quia aspernatur hic quae. Veritatis et earum omnis id necessitatibus. Voluptas veritatis aliquid dolorem aut omnis. Suscipit iste laboriosam quo eum.', '1973-02-03 08:59:20');
INSERT INTO `messages` (`id`, `from_user_id`, `to_user_id`, `body`, `created_at`) VALUES ('12', '118', '118', 'Officiis ut assumenda ipsam soluta. Expedita sunt ut amet. Odit excepturi vero aut tempore dolores itaque. Dolores unde ratione repellendus illum odit ipsum facilis consequatur.', '2006-10-01 14:29:32');
INSERT INTO `messages` (`id`, `from_user_id`, `to_user_id`, `body`, `created_at`) VALUES ('13', '121', '121', 'Dolores earum perspiciatis quis numquam. Nam at sapiente et quia. Illo veritatis qui et quis adipisci officiis consequatur. Quae ut mollitia labore totam.', '1978-09-13 03:03:04');
INSERT INTO `messages` (`id`, `from_user_id`, `to_user_id`, `body`, `created_at`) VALUES ('14', '123', '123', 'Sed et maxime doloribus sint aut. Molestias qui necessitatibus ea dolores omnis beatae. Rerum itaque nihil ab aut qui. Eos quisquam sit a perspiciatis distinctio nostrum laborum.', '1977-09-14 04:19:35');
INSERT INTO `messages` (`id`, `from_user_id`, `to_user_id`, `body`, `created_at`) VALUES ('15', '124', '124', 'Maiores dolore nemo enim consequatur. Nulla deserunt incidunt labore tempore eos autem. Voluptas recusandae temporibus fuga possimus ducimus ducimus.', '1993-02-25 02:07:21');
INSERT INTO `messages` (`id`, `from_user_id`, `to_user_id`, `body`, `created_at`) VALUES ('16', '125', '125', 'Molestias omnis rerum aperiam voluptas ipsa. Labore qui ab autem qui et fugit facere ratione. Libero illum qui et est et. Repellat possimus perspiciatis illo et saepe beatae.', '2001-06-28 16:04:18');
INSERT INTO `messages` (`id`, `from_user_id`, `to_user_id`, `body`, `created_at`) VALUES ('17', '128', '128', 'Quia repudiandae mollitia ex. Nostrum quibusdam expedita voluptatum dolor officiis. Repellendus quidem placeat qui repudiandae placeat.', '2019-03-23 19:53:44');
INSERT INTO `messages` (`id`, `from_user_id`, `to_user_id`, `body`, `created_at`) VALUES ('18', '129', '129', 'Repellat atque dolor ut nostrum voluptas ab. Recusandae natus omnis molestiae repellendus voluptate animi. Ut pariatur porro iste itaque. Modi eveniet molestiae eos excepturi rerum minima.', '1979-09-09 23:21:55');
INSERT INTO `messages` (`id`, `from_user_id`, `to_user_id`, `body`, `created_at`) VALUES ('19', '130', '130', 'Voluptatum laborum quia consequuntur natus. In maxime pariatur sit. Numquam deleniti incidunt libero qui earum consectetur aut. Omnis delectus culpa eum doloremque rerum est ipsum dicta.', '2021-07-10 10:43:51');
INSERT INTO `messages` (`id`, `from_user_id`, `to_user_id`, `body`, `created_at`) VALUES ('20', '132', '132', 'Aut ab dolores quis corrupti. Deserunt impedit quia atque pariatur fuga accusantium autem. Aperiam quibusdam labore quidem.', '2012-04-07 11:39:45');
INSERT INTO `messages` (`id`, `from_user_id`, `to_user_id`, `body`, `created_at`) VALUES ('21', '133', '133', 'Quasi necessitatibus velit quos nostrum aliquid est. Sed fugiat asperiores eligendi. Ut omnis magni illo.', '1973-09-08 21:36:53');
INSERT INTO `messages` (`id`, `from_user_id`, `to_user_id`, `body`, `created_at`) VALUES ('22', '134', '134', 'Nesciunt in itaque aspernatur commodi. Facilis sed sapiente ut cum cumque odit et. Distinctio nulla at velit deleniti rerum occaecati ut.', '1993-10-18 04:53:55');
INSERT INTO `messages` (`id`, `from_user_id`, `to_user_id`, `body`, `created_at`) VALUES ('23', '137', '137', 'Maxime error reprehenderit enim soluta ipsa cupiditate et. Sunt labore repellat pariatur accusamus molestias sed. Quisquam sit repellat quae distinctio quos animi.', '1994-10-02 18:01:12');
INSERT INTO `messages` (`id`, `from_user_id`, `to_user_id`, `body`, `created_at`) VALUES ('24', '139', '139', 'Aliquam sunt consequatur perferendis sunt non illo. Itaque harum iusto voluptatem quis sed distinctio. Ut eveniet ut consequatur ut. Non saepe voluptatem a in sunt architecto sunt.', '1985-05-13 00:51:03');
INSERT INTO `messages` (`id`, `from_user_id`, `to_user_id`, `body`, `created_at`) VALUES ('25', '142', '142', 'Voluptatem enim at optio. Aut et perspiciatis et qui. Voluptatem in quod natus sunt distinctio aut dolore saepe.', '1996-04-07 21:09:27');
INSERT INTO `messages` (`id`, `from_user_id`, `to_user_id`, `body`, `created_at`) VALUES ('26', '144', '144', 'Esse animi consequatur tenetur necessitatibus et veritatis impedit. Vero repellendus numquam voluptatem sapiente quaerat. Perferendis quaerat non quibusdam maiores nihil aut. Praesentium vero quia ex accusantium molestiae.', '1987-11-17 21:05:34');
INSERT INTO `messages` (`id`, `from_user_id`, `to_user_id`, `body`, `created_at`) VALUES ('27', '145', '145', 'Explicabo voluptatem reiciendis minus voluptatum eum. Omnis sed repudiandae eveniet nemo non. Qui placeat ex amet distinctio pariatur laborum.', '2001-12-09 00:53:53');
INSERT INTO `messages` (`id`, `from_user_id`, `to_user_id`, `body`, `created_at`) VALUES ('28', '146', '146', 'Sit rerum minima natus sit hic. Qui facilis magnam beatae optio dolorem earum.', '2019-10-31 06:08:09');
INSERT INTO `messages` (`id`, `from_user_id`, `to_user_id`, `body`, `created_at`) VALUES ('29', '150', '150', 'Id sit et sed nulla aut atque. Iusto illum voluptatem pariatur molestiae. Minima tenetur voluptas nihil non quam quaerat. Eligendi eos esse corrupti.', '2000-05-05 18:10:52');
INSERT INTO `messages` (`id`, `from_user_id`, `to_user_id`, `body`, `created_at`) VALUES ('30', '153', '153', 'Dolorum eum hic sed et velit qui. Quia neque quia autem et porro. In qui iste quas est eum minima aut.', '1976-03-17 22:08:15');
INSERT INTO `messages` (`id`, `from_user_id`, `to_user_id`, `body`, `created_at`) VALUES ('31', '154', '154', 'Sapiente rerum non est repudiandae unde ea. Autem veritatis aperiam enim iusto sed. Error sint quaerat iure quo saepe eos quos eligendi. Qui aut et excepturi et saepe.', '1998-12-15 10:09:13');
INSERT INTO `messages` (`id`, `from_user_id`, `to_user_id`, `body`, `created_at`) VALUES ('32', '156', '156', 'Dolorem est odio nihil iure. Cumque non blanditiis delectus est vel.', '1999-07-16 16:17:30');
INSERT INTO `messages` (`id`, `from_user_id`, `to_user_id`, `body`, `created_at`) VALUES ('33', '163', '163', 'Nostrum perspiciatis suscipit alias fugiat. Consectetur occaecati et provident recusandae rerum et minima. Et dolores et iusto eligendi. Quas natus labore eveniet quaerat quia sapiente.', '2004-09-25 11:06:06');
INSERT INTO `messages` (`id`, `from_user_id`, `to_user_id`, `body`, `created_at`) VALUES ('34', '167', '167', 'Repudiandae deserunt eos id optio soluta accusantium at laborum. Adipisci consequatur recusandae voluptatum. Repellendus voluptatem assumenda autem consequatur. Quasi non et explicabo sunt nihil atque.', '1996-08-26 07:53:08');
INSERT INTO `messages` (`id`, `from_user_id`, `to_user_id`, `body`, `created_at`) VALUES ('35', '168', '168', 'Consequatur voluptatem vitae odio quaerat voluptas dolorem. Rerum et est magnam sint. Maxime dolores ut blanditiis. Aspernatur maiores dolores consequatur facilis totam libero. Debitis maxime ad et maiores esse officia recusandae.', '2002-08-12 16:19:08');
INSERT INTO `messages` (`id`, `from_user_id`, `to_user_id`, `body`, `created_at`) VALUES ('36', '169', '169', 'Ratione id et neque modi quia dolorum nihil est. Doloremque doloremque voluptate quisquam inventore rem. Iste placeat assumenda qui sint amet quia.', '1973-10-11 08:01:36');
INSERT INTO `messages` (`id`, `from_user_id`, `to_user_id`, `body`, `created_at`) VALUES ('37', '170', '170', 'Et veniam dolor nihil fuga natus deserunt. Voluptatibus omnis est aut ut suscipit. Ullam qui nulla et culpa. Excepturi omnis eos provident.', '1989-08-05 19:04:54');
INSERT INTO `messages` (`id`, `from_user_id`, `to_user_id`, `body`, `created_at`) VALUES ('38', '171', '171', 'Mollitia nulla autem libero eum mollitia sed rem corrupti. Aut sed perspiciatis neque. Delectus aut illum provident totam eius possimus.', '1987-09-22 11:57:43');
INSERT INTO `messages` (`id`, `from_user_id`, `to_user_id`, `body`, `created_at`) VALUES ('39', '173', '173', 'Voluptatem aspernatur repellat nihil perferendis ut sed. Nemo eius omnis non. Eum dolores ipsum ratione.', '2003-08-29 17:45:10');
INSERT INTO `messages` (`id`, `from_user_id`, `to_user_id`, `body`, `created_at`) VALUES ('40', '176', '176', 'Aperiam quia natus et asperiores sit sapiente. Nobis ea sint qui quibusdam cum aut. Nihil qui maiores accusantium inventore quasi iste.', '2021-09-27 09:32:55');
INSERT INTO `messages` (`id`, `from_user_id`, `to_user_id`, `body`, `created_at`) VALUES ('41', '177', '177', 'Maiores quia maiores quidem voluptatibus ut. Qui quia fuga et tempora error. Consectetur sint voluptate quod sapiente perferendis ipsa. Eveniet consequatur et aut cumque doloribus.', '1988-05-01 10:05:54');
INSERT INTO `messages` (`id`, `from_user_id`, `to_user_id`, `body`, `created_at`) VALUES ('42', '179', '179', 'Iusto aperiam officiis esse veniam debitis. Sed assumenda dicta eum dolores temporibus. Numquam et ad qui voluptatem voluptate fugit. Dolorum aut dolorem odio expedita error. Illum cumque eum qui magnam.', '1992-06-12 16:07:36');
INSERT INTO `messages` (`id`, `from_user_id`, `to_user_id`, `body`, `created_at`) VALUES ('43', '181', '181', 'Quaerat harum odit velit placeat laborum ut perferendis. Commodi omnis eaque optio. Sint exercitationem sed qui explicabo praesentium rerum dolores.', '1999-12-21 13:28:43');
INSERT INTO `messages` (`id`, `from_user_id`, `to_user_id`, `body`, `created_at`) VALUES ('44', '185', '185', 'Accusamus minus est ea. Asperiores quia voluptatem officia sint. Quasi itaque vitae repellendus voluptates. Est quae odit omnis iure consequatur ratione.', '1991-10-12 09:18:34');
INSERT INTO `messages` (`id`, `from_user_id`, `to_user_id`, `body`, `created_at`) VALUES ('45', '186', '186', 'Vel quis repellat ex quia labore a. Quasi officiis maxime delectus qui assumenda explicabo. Ad qui repellendus et voluptatem incidunt deleniti. Iste in dolorem itaque dolores consequuntur.', '1990-06-03 22:38:23');
INSERT INTO `messages` (`id`, `from_user_id`, `to_user_id`, `body`, `created_at`) VALUES ('46', '187', '187', 'Magnam occaecati recusandae omnis eius error. Facere totam suscipit dicta veniam consequatur dolores ea. Illum asperiores quod corporis aut vero consequatur eos molestias.', '2006-08-01 15:27:42');
INSERT INTO `messages` (`id`, `from_user_id`, `to_user_id`, `body`, `created_at`) VALUES ('47', '190', '190', 'Nihil cupiditate autem totam doloremque quisquam perferendis. Reiciendis ipsa atque consequatur ex. Natus nesciunt non facilis eius quis. Autem cupiditate laboriosam est incidunt.', '2008-11-28 23:53:34');
INSERT INTO `messages` (`id`, `from_user_id`, `to_user_id`, `body`, `created_at`) VALUES ('48', '191', '191', 'Porro sunt tenetur sunt ut aut non. Nihil quia est beatae et odit reprehenderit. Animi nostrum placeat praesentium est aut facilis.', '1971-05-12 16:47:18');
INSERT INTO `messages` (`id`, `from_user_id`, `to_user_id`, `body`, `created_at`) VALUES ('49', '192', '192', 'Ex aut voluptas ut nisi. Aut consequatur libero laborum hic. Aut qui deserunt animi possimus dolor.', '1986-09-04 22:15:15');
INSERT INTO `messages` (`id`, `from_user_id`, `to_user_id`, `body`, `created_at`) VALUES ('50', '193', '193', 'Vel voluptatem sed in quo. Veritatis voluptatem ipsa eligendi et nisi modi ipsum. Error nostrum consequuntur ut odio sed adipisci doloremque.', '1976-06-14 08:55:01');
INSERT INTO `messages` (`id`, `from_user_id`, `to_user_id`, `body`, `created_at`) VALUES ('51', '195', '195', 'Et vel voluptatem quam aspernatur aperiam repudiandae nam. Voluptate omnis laborum perspiciatis vitae laborum repellat quidem.', '1999-10-01 17:39:09');
INSERT INTO `messages` (`id`, `from_user_id`, `to_user_id`, `body`, `created_at`) VALUES ('52', '196', '196', 'Sed architecto id natus vel qui. Enim consequatur ut ut ab nam. Totam numquam eos illum fugiat repellat minima.', '1984-01-09 08:02:45');
INSERT INTO `messages` (`id`, `from_user_id`, `to_user_id`, `body`, `created_at`) VALUES ('53', '197', '197', 'Quo qui earum exercitationem enim nam qui consequatur. Omnis qui quam similique doloribus explicabo modi nostrum laboriosam. Distinctio voluptates aliquam ratione tempora et.', '2013-09-30 09:20:48');
INSERT INTO `messages` (`id`, `from_user_id`, `to_user_id`, `body`, `created_at`) VALUES ('54', '200', '200', 'Mollitia iste minus culpa fugiat. Amet inventore aut ipsa debitis cumque ipsam sit velit. Iste harum qui qui libero qui facilis vel. A et vitae quae.', '1985-07-05 22:28:35');
INSERT INTO `messages` (`id`, `from_user_id`, `to_user_id`, `body`, `created_at`) VALUES ('55', '101', '101', 'Et blanditiis officiis perferendis molestiae illo vel. Quia consequatur illo sapiente occaecati repellendus asperiores. Quia vel atque recusandae et nostrum impedit.', '2015-09-03 21:10:25');
INSERT INTO `messages` (`id`, `from_user_id`, `to_user_id`, `body`, `created_at`) VALUES ('56', '102', '102', 'Laborum nostrum reprehenderit saepe et esse ipsa totam ratione. Accusantium quis sequi in non veniam similique esse. Esse cumque quo quam molestiae delectus totam.', '1986-03-07 21:58:47');
INSERT INTO `messages` (`id`, `from_user_id`, `to_user_id`, `body`, `created_at`) VALUES ('57', '103', '103', 'Voluptatem itaque saepe est laudantium et laudantium. Quae sit voluptatem quam omnis placeat. Dolorem totam voluptatem sapiente et. Ipsum est rerum officiis vitae vero.', '1988-04-26 21:13:49');
INSERT INTO `messages` (`id`, `from_user_id`, `to_user_id`, `body`, `created_at`) VALUES ('58', '104', '104', 'Et ipsam reprehenderit quidem quibusdam nemo cupiditate. Ut rerum ad non inventore voluptatum aut. Et voluptas nihil omnis animi sunt numquam officia nam. Eum dolorum fugiat rerum natus fugiat eligendi autem.', '1972-04-03 12:57:14');
INSERT INTO `messages` (`id`, `from_user_id`, `to_user_id`, `body`, `created_at`) VALUES ('59', '107', '107', 'Et dignissimos commodi aut voluptatem quis. Eligendi quo quis illum dolores consequatur. Accusantium culpa animi aut quae recusandae odio repudiandae.', '1994-09-24 17:48:19');
INSERT INTO `messages` (`id`, `from_user_id`, `to_user_id`, `body`, `created_at`) VALUES ('60', '108', '108', 'Earum quas architecto ut accusantium ut consequuntur. Quam eos non est quia et ut. Doloribus fugit ratione ducimus sunt non.', '1992-05-18 06:35:02');
INSERT INTO `messages` (`id`, `from_user_id`, `to_user_id`, `body`, `created_at`) VALUES ('61', '109', '109', 'Maxime pariatur minima placeat sequi dolorem. Dolor quidem omnis ut necessitatibus assumenda. Aut reiciendis modi ipsam vel et. Recusandae perspiciatis quaerat velit officia inventore.', '2018-11-13 13:39:30');
INSERT INTO `messages` (`id`, `from_user_id`, `to_user_id`, `body`, `created_at`) VALUES ('62', '112', '112', 'Aut excepturi rerum aliquam debitis sed modi. Repellendus illum rem est neque illo officia.', '2002-05-07 08:00:27');
INSERT INTO `messages` (`id`, `from_user_id`, `to_user_id`, `body`, `created_at`) VALUES ('63', '113', '113', 'Temporibus quod qui rerum enim eos. Numquam consequatur molestiae aut at consectetur vero. Ducimus velit et occaecati qui reiciendis. Sint qui et et sequi omnis.', '1995-12-21 07:01:17');
INSERT INTO `messages` (`id`, `from_user_id`, `to_user_id`, `body`, `created_at`) VALUES ('64', '114', '114', 'Molestiae similique ullam quia praesentium enim. Incidunt ut magni occaecati aperiam aut. Velit blanditiis eius eaque saepe et.', '1970-10-16 07:45:41');
INSERT INTO `messages` (`id`, `from_user_id`, `to_user_id`, `body`, `created_at`) VALUES ('65', '117', '117', 'Nulla minima enim error rerum enim. Eveniet nihil eveniet est odio ipsam ullam. Ipsam sit pariatur cum eum. Ratione debitis ea similique veniam vitae.', '1975-02-13 23:20:22');
INSERT INTO `messages` (`id`, `from_user_id`, `to_user_id`, `body`, `created_at`) VALUES ('66', '118', '118', 'Ut suscipit quam autem natus. Officiis voluptatibus repellat mollitia voluptate sit sed. Esse eligendi eos ut accusantium. Aperiam repudiandae cumque asperiores facilis et labore sed.', '1980-02-14 01:58:47');
INSERT INTO `messages` (`id`, `from_user_id`, `to_user_id`, `body`, `created_at`) VALUES ('67', '121', '121', 'Natus omnis asperiores atque totam doloremque. Possimus dolor temporibus culpa deserunt enim aperiam accusamus. Quo dolor nisi iusto aspernatur natus culpa architecto.', '1984-02-23 01:58:51');
INSERT INTO `messages` (`id`, `from_user_id`, `to_user_id`, `body`, `created_at`) VALUES ('68', '123', '123', 'Enim sit quidem porro sed soluta ullam. Neque accusamus distinctio sint odio nihil in ipsam. Dolores eos non ut. Delectus ipsum enim nostrum nam corrupti dignissimos et.', '2011-02-06 18:06:08');
INSERT INTO `messages` (`id`, `from_user_id`, `to_user_id`, `body`, `created_at`) VALUES ('69', '124', '124', 'Itaque aliquid sit et est. Blanditiis odio ipsa et. Qui rem qui quibusdam sapiente architecto deserunt voluptate maxime. Et et id quos dolorem vel incidunt. Aut eveniet consequatur voluptatem eaque.', '2020-09-05 16:01:44');
INSERT INTO `messages` (`id`, `from_user_id`, `to_user_id`, `body`, `created_at`) VALUES ('70', '125', '125', 'Non eum sit vel itaque eveniet et dolore perspiciatis. Ipsam enim aut accusantium rerum deleniti qui ea. Qui soluta et est voluptatem qui. Quae sequi vero et aut recusandae. Et nihil sapiente est.', '2015-08-16 12:11:49');
INSERT INTO `messages` (`id`, `from_user_id`, `to_user_id`, `body`, `created_at`) VALUES ('71', '128', '128', 'Voluptatem sint laborum tempore. Amet tempore qui qui sunt. Officia et a accusantium quia qui rerum. Aspernatur laborum est et odit repudiandae voluptas aspernatur.', '1975-02-17 18:04:49');
INSERT INTO `messages` (`id`, `from_user_id`, `to_user_id`, `body`, `created_at`) VALUES ('72', '129', '129', 'Eum voluptatum consequatur quia perspiciatis distinctio. Illo in explicabo nemo.', '1996-04-16 18:50:24');
INSERT INTO `messages` (`id`, `from_user_id`, `to_user_id`, `body`, `created_at`) VALUES ('73', '130', '130', 'Quibusdam minus eaque repudiandae ut amet voluptatem atque. Sapiente et labore minus quia.', '1987-03-20 21:45:51');
INSERT INTO `messages` (`id`, `from_user_id`, `to_user_id`, `body`, `created_at`) VALUES ('74', '132', '132', 'Distinctio eaque id rem consequatur doloremque ullam. Minima voluptatum voluptatibus aut quis. Et voluptas corporis eum. Quae deserunt omnis et sint.', '1997-07-13 22:31:33');
INSERT INTO `messages` (`id`, `from_user_id`, `to_user_id`, `body`, `created_at`) VALUES ('75', '133', '133', 'Occaecati deleniti ducimus consequatur nobis. Ut quia dolorum alias est totam voluptas dolores. Provident quo necessitatibus eaque qui quibusdam voluptatibus cumque occaecati.', '2007-01-29 04:05:28');
INSERT INTO `messages` (`id`, `from_user_id`, `to_user_id`, `body`, `created_at`) VALUES ('76', '134', '134', 'Eos enim impedit porro dolorem. Velit sequi odio culpa eos reprehenderit magni. Delectus id dignissimos expedita saepe cum nulla placeat.', '1991-08-11 11:24:35');
INSERT INTO `messages` (`id`, `from_user_id`, `to_user_id`, `body`, `created_at`) VALUES ('77', '137', '137', 'Consequatur omnis est ipsam sit quidem quia. Quis non quas in aut.', '1984-01-03 02:19:49');
INSERT INTO `messages` (`id`, `from_user_id`, `to_user_id`, `body`, `created_at`) VALUES ('78', '139', '139', 'Voluptatem eum in voluptate pariatur suscipit. Expedita officiis sint quia at. Et enim rerum et eius repellat dignissimos molestias rem. Et esse tenetur cupiditate officia molestias ut occaecati neque.', '2004-11-28 23:10:24');
INSERT INTO `messages` (`id`, `from_user_id`, `to_user_id`, `body`, `created_at`) VALUES ('79', '142', '142', 'Ut doloremque aperiam veniam adipisci quasi. Quis harum cumque earum eos eos aliquid. Qui ducimus magni et est ea unde quia.', '2005-08-09 18:21:39');
INSERT INTO `messages` (`id`, `from_user_id`, `to_user_id`, `body`, `created_at`) VALUES ('80', '144', '144', 'Unde accusamus dolores aliquid atque vitae. Inventore sapiente ducimus dolores quasi sunt laudantium soluta. Esse quaerat delectus sequi non. Accusamus non dicta veniam eos dolor sequi.', '2015-10-28 23:35:27');
INSERT INTO `messages` (`id`, `from_user_id`, `to_user_id`, `body`, `created_at`) VALUES ('81', '145', '145', 'Exercitationem qui vel perspiciatis esse voluptatibus voluptatem. Qui quod sequi excepturi aut occaecati. Cumque accusantium voluptas eos hic aut.', '2009-02-22 10:20:25');
INSERT INTO `messages` (`id`, `from_user_id`, `to_user_id`, `body`, `created_at`) VALUES ('82', '146', '146', 'Voluptate sequi non sequi aliquam. Qui voluptatem laudantium ut quibusdam repudiandae enim. A suscipit non dolores est assumenda. Sunt dolorum dicta quos sequi voluptatem quod.', '1998-05-20 01:46:09');
INSERT INTO `messages` (`id`, `from_user_id`, `to_user_id`, `body`, `created_at`) VALUES ('83', '150', '150', 'Dolore error qui sed rerum. Magnam molestias deserunt dolor nostrum nam sunt. Deleniti dignissimos repellendus inventore ipsam deleniti optio pariatur.', '2013-10-01 22:22:01');
INSERT INTO `messages` (`id`, `from_user_id`, `to_user_id`, `body`, `created_at`) VALUES ('84', '153', '153', 'Facere distinctio natus quaerat necessitatibus voluptatibus. At eaque rerum voluptatem necessitatibus.', '1993-07-19 00:22:36');
INSERT INTO `messages` (`id`, `from_user_id`, `to_user_id`, `body`, `created_at`) VALUES ('85', '154', '154', 'Doloribus animi repudiandae qui mollitia similique. Quas perspiciatis consequatur ut nihil provident voluptas. Deleniti aut et ut. Nesciunt placeat totam quia fugit.', '2005-01-10 22:37:06');
INSERT INTO `messages` (`id`, `from_user_id`, `to_user_id`, `body`, `created_at`) VALUES ('86', '156', '156', 'Et beatae sit et. Sint sit reiciendis sed voluptatem qui.', '2019-03-08 02:41:25');
INSERT INTO `messages` (`id`, `from_user_id`, `to_user_id`, `body`, `created_at`) VALUES ('87', '163', '163', 'Praesentium optio quas suscipit nobis ab. Ut occaecati aut nihil et qui magnam. Amet dolore quas corrupti culpa sunt. Assumenda dolor illum velit enim ut rem.', '1972-05-29 13:24:43');
INSERT INTO `messages` (`id`, `from_user_id`, `to_user_id`, `body`, `created_at`) VALUES ('88', '167', '167', 'Et voluptatibus aut aut aut et mollitia qui. Aut est nemo unde omnis quo et dolor. Cupiditate ipsam aspernatur quod iste.', '1990-04-10 09:49:17');
INSERT INTO `messages` (`id`, `from_user_id`, `to_user_id`, `body`, `created_at`) VALUES ('89', '168', '168', 'Qui et suscipit id. Sed repudiandae et quia nihil magni et. Tempora fugit expedita ipsum.', '1990-11-15 11:54:35');
INSERT INTO `messages` (`id`, `from_user_id`, `to_user_id`, `body`, `created_at`) VALUES ('90', '169', '169', 'Eligendi fugiat amet error eaque omnis quaerat ab. Error et enim veniam illum. Sit laborum dicta et nisi.', '1996-02-18 01:59:52');
INSERT INTO `messages` (`id`, `from_user_id`, `to_user_id`, `body`, `created_at`) VALUES ('91', '170', '170', 'Natus totam dolorem aspernatur nobis culpa. Ullam mollitia consequuntur laborum voluptatem cupiditate molestiae. Corporis sint ut animi id eligendi qui laborum.', '2001-10-09 23:24:04');
INSERT INTO `messages` (`id`, `from_user_id`, `to_user_id`, `body`, `created_at`) VALUES ('92', '171', '171', 'Id sit aspernatur dolor. Accusamus qui architecto perferendis voluptatem. Maiores quas quia laudantium in. Natus eaque deleniti cumque quasi et fuga.', '1979-03-22 06:33:10');
INSERT INTO `messages` (`id`, `from_user_id`, `to_user_id`, `body`, `created_at`) VALUES ('93', '173', '173', 'Corrupti odit labore sunt delectus vitae ab. Eveniet id incidunt esse modi a.', '1971-10-21 02:40:39');
INSERT INTO `messages` (`id`, `from_user_id`, `to_user_id`, `body`, `created_at`) VALUES ('94', '176', '176', 'Nesciunt magni maiores eum. Velit facere itaque ipsam maiores ex. Necessitatibus velit ut mollitia quia. Corporis omnis expedita unde molestias aut. Sint quia et et porro blanditiis.', '2006-10-16 11:55:43');
INSERT INTO `messages` (`id`, `from_user_id`, `to_user_id`, `body`, `created_at`) VALUES ('95', '177', '177', 'Et nihil minus minima. Pariatur hic quos exercitationem explicabo.', '1993-05-19 18:06:05');
INSERT INTO `messages` (`id`, `from_user_id`, `to_user_id`, `body`, `created_at`) VALUES ('96', '179', '179', 'Eius rerum beatae quo voluptatem molestiae. Repudiandae natus cum et porro hic. Totam eos eaque quaerat quia et iure veritatis. Aspernatur recusandae expedita velit assumenda eum in.', '2015-10-15 07:23:13');
INSERT INTO `messages` (`id`, `from_user_id`, `to_user_id`, `body`, `created_at`) VALUES ('97', '181', '181', 'Ea eos maxime aut accusantium sed. Adipisci natus eos distinctio totam quo molestias sint. Sint voluptate et quos voluptatum et numquam.', '2021-01-18 23:44:32');
INSERT INTO `messages` (`id`, `from_user_id`, `to_user_id`, `body`, `created_at`) VALUES ('98', '185', '185', 'Dolorem eos nihil esse non sit ad. Voluptate et placeat nostrum omnis corporis magnam.', '1994-02-01 06:29:05');
INSERT INTO `messages` (`id`, `from_user_id`, `to_user_id`, `body`, `created_at`) VALUES ('99', '186', '186', 'Nam quia dolorum ea voluptatum corporis distinctio qui. Nulla iusto eveniet est quaerat veniam dolor aut ipsam. Sit sed laboriosam accusantium.', '2009-08-25 14:08:23');
INSERT INTO `messages` (`id`, `from_user_id`, `to_user_id`, `body`, `created_at`) VALUES ('100', '187', '187', 'Odio ipsa deserunt tempore maiores debitis sint. Quis voluptatem est cupiditate accusantium aut ullam. Cum quibusdam autem sed ut beatae a. Nobis sed et temporibus fugit et delectus quis aspernatur. Sit amet asperiores totam similique eligendi.', '2009-01-25 10:01:06');


#
# TABLE STRUCTURE FOR: photo_albums
#

DROP TABLE IF EXISTS `photo_albums`;

CREATE TABLE `photo_albums` (
  `id` bigint(20) unsigned NOT NULL AUTO_INCREMENT,
  `name` varchar(255) COLLATE utf8mb4_unicode_ci DEFAULT NULL,
  `user_id` bigint(20) unsigned DEFAULT NULL,
  PRIMARY KEY (`id`),
  UNIQUE KEY `id` (`id`),
  KEY `user_id` (`user_id`),
  CONSTRAINT `photo_albums_ibfk_1` FOREIGN KEY (`user_id`) REFERENCES `users` (`id`)
) ENGINE=InnoDB AUTO_INCREMENT=101 DEFAULT CHARSET=utf8mb4 COLLATE=utf8mb4_unicode_ci;

INSERT INTO `photo_albums` (`id`, `name`, `user_id`) VALUES ('1', 'repellendus', '101');
INSERT INTO `photo_albums` (`id`, `name`, `user_id`) VALUES ('2', 'dicta', '102');
INSERT INTO `photo_albums` (`id`, `name`, `user_id`) VALUES ('3', 'aperiam', '103');
INSERT INTO `photo_albums` (`id`, `name`, `user_id`) VALUES ('4', 'doloribus', '104');
INSERT INTO `photo_albums` (`id`, `name`, `user_id`) VALUES ('5', 'voluptates', '107');
INSERT INTO `photo_albums` (`id`, `name`, `user_id`) VALUES ('6', 'molestiae', '108');
INSERT INTO `photo_albums` (`id`, `name`, `user_id`) VALUES ('7', 'ipsa', '109');
INSERT INTO `photo_albums` (`id`, `name`, `user_id`) VALUES ('8', 'consequatur', '112');
INSERT INTO `photo_albums` (`id`, `name`, `user_id`) VALUES ('9', 'omnis', '113');
INSERT INTO `photo_albums` (`id`, `name`, `user_id`) VALUES ('10', 'sunt', '114');
INSERT INTO `photo_albums` (`id`, `name`, `user_id`) VALUES ('11', 'sint', '117');
INSERT INTO `photo_albums` (`id`, `name`, `user_id`) VALUES ('12', 'rerum', '118');
INSERT INTO `photo_albums` (`id`, `name`, `user_id`) VALUES ('13', 'illum', '121');
INSERT INTO `photo_albums` (`id`, `name`, `user_id`) VALUES ('14', 'nisi', '123');
INSERT INTO `photo_albums` (`id`, `name`, `user_id`) VALUES ('15', 'necessitatibus', '124');
INSERT INTO `photo_albums` (`id`, `name`, `user_id`) VALUES ('16', 'consequatur', '125');
INSERT INTO `photo_albums` (`id`, `name`, `user_id`) VALUES ('17', 'vel', '128');
INSERT INTO `photo_albums` (`id`, `name`, `user_id`) VALUES ('18', 'velit', '129');
INSERT INTO `photo_albums` (`id`, `name`, `user_id`) VALUES ('19', 'sit', '130');
INSERT INTO `photo_albums` (`id`, `name`, `user_id`) VALUES ('20', 'veniam', '132');
INSERT INTO `photo_albums` (`id`, `name`, `user_id`) VALUES ('21', 'eos', '133');
INSERT INTO `photo_albums` (`id`, `name`, `user_id`) VALUES ('22', 'et', '134');
INSERT INTO `photo_albums` (`id`, `name`, `user_id`) VALUES ('23', 'dignissimos', '137');
INSERT INTO `photo_albums` (`id`, `name`, `user_id`) VALUES ('24', 'architecto', '139');
INSERT INTO `photo_albums` (`id`, `name`, `user_id`) VALUES ('25', 'cumque', '142');
INSERT INTO `photo_albums` (`id`, `name`, `user_id`) VALUES ('26', 'hic', '144');
INSERT INTO `photo_albums` (`id`, `name`, `user_id`) VALUES ('27', 'nisi', '145');
INSERT INTO `photo_albums` (`id`, `name`, `user_id`) VALUES ('28', 'est', '146');
INSERT INTO `photo_albums` (`id`, `name`, `user_id`) VALUES ('29', 'enim', '150');
INSERT INTO `photo_albums` (`id`, `name`, `user_id`) VALUES ('30', 'possimus', '153');
INSERT INTO `photo_albums` (`id`, `name`, `user_id`) VALUES ('31', 'sit', '154');
INSERT INTO `photo_albums` (`id`, `name`, `user_id`) VALUES ('32', 'eos', '156');
INSERT INTO `photo_albums` (`id`, `name`, `user_id`) VALUES ('33', 'autem', '163');
INSERT INTO `photo_albums` (`id`, `name`, `user_id`) VALUES ('34', 'et', '167');
INSERT INTO `photo_albums` (`id`, `name`, `user_id`) VALUES ('35', 'excepturi', '168');
INSERT INTO `photo_albums` (`id`, `name`, `user_id`) VALUES ('36', 'provident', '169');
INSERT INTO `photo_albums` (`id`, `name`, `user_id`) VALUES ('37', 'voluptas', '170');
INSERT INTO `photo_albums` (`id`, `name`, `user_id`) VALUES ('38', 'tenetur', '171');
INSERT INTO `photo_albums` (`id`, `name`, `user_id`) VALUES ('39', 'suscipit', '173');
INSERT INTO `photo_albums` (`id`, `name`, `user_id`) VALUES ('40', 'nisi', '176');
INSERT INTO `photo_albums` (`id`, `name`, `user_id`) VALUES ('41', 'dolorem', '177');
INSERT INTO `photo_albums` (`id`, `name`, `user_id`) VALUES ('42', 'culpa', '179');
INSERT INTO `photo_albums` (`id`, `name`, `user_id`) VALUES ('43', 'nostrum', '181');
INSERT INTO `photo_albums` (`id`, `name`, `user_id`) VALUES ('44', 'sunt', '185');
INSERT INTO `photo_albums` (`id`, `name`, `user_id`) VALUES ('45', 'illo', '186');
INSERT INTO `photo_albums` (`id`, `name`, `user_id`) VALUES ('46', 'dicta', '187');
INSERT INTO `photo_albums` (`id`, `name`, `user_id`) VALUES ('47', 'placeat', '190');
INSERT INTO `photo_albums` (`id`, `name`, `user_id`) VALUES ('48', 'earum', '191');
INSERT INTO `photo_albums` (`id`, `name`, `user_id`) VALUES ('49', 'quia', '192');
INSERT INTO `photo_albums` (`id`, `name`, `user_id`) VALUES ('50', 'voluptatem', '193');
INSERT INTO `photo_albums` (`id`, `name`, `user_id`) VALUES ('51', 'nemo', '195');
INSERT INTO `photo_albums` (`id`, `name`, `user_id`) VALUES ('52', 'ut', '196');
INSERT INTO `photo_albums` (`id`, `name`, `user_id`) VALUES ('53', 'consequatur', '197');
INSERT INTO `photo_albums` (`id`, `name`, `user_id`) VALUES ('54', 'earum', '200');
INSERT INTO `photo_albums` (`id`, `name`, `user_id`) VALUES ('55', 'quis', '101');
INSERT INTO `photo_albums` (`id`, `name`, `user_id`) VALUES ('56', 'dolor', '102');
INSERT INTO `photo_albums` (`id`, `name`, `user_id`) VALUES ('57', 'veniam', '103');
INSERT INTO `photo_albums` (`id`, `name`, `user_id`) VALUES ('58', 'odit', '104');
INSERT INTO `photo_albums` (`id`, `name`, `user_id`) VALUES ('59', 'quos', '107');
INSERT INTO `photo_albums` (`id`, `name`, `user_id`) VALUES ('60', 'sed', '108');
INSERT INTO `photo_albums` (`id`, `name`, `user_id`) VALUES ('61', 'dolores', '109');
INSERT INTO `photo_albums` (`id`, `name`, `user_id`) VALUES ('62', 'voluptatum', '112');
INSERT INTO `photo_albums` (`id`, `name`, `user_id`) VALUES ('63', 'aperiam', '113');
INSERT INTO `photo_albums` (`id`, `name`, `user_id`) VALUES ('64', 'quibusdam', '114');
INSERT INTO `photo_albums` (`id`, `name`, `user_id`) VALUES ('65', 'eum', '117');
INSERT INTO `photo_albums` (`id`, `name`, `user_id`) VALUES ('66', 'nemo', '118');
INSERT INTO `photo_albums` (`id`, `name`, `user_id`) VALUES ('67', 'nihil', '121');
INSERT INTO `photo_albums` (`id`, `name`, `user_id`) VALUES ('68', 'nihil', '123');
INSERT INTO `photo_albums` (`id`, `name`, `user_id`) VALUES ('69', 'voluptate', '124');
INSERT INTO `photo_albums` (`id`, `name`, `user_id`) VALUES ('70', 'quae', '125');
INSERT INTO `photo_albums` (`id`, `name`, `user_id`) VALUES ('71', 'maxime', '128');
INSERT INTO `photo_albums` (`id`, `name`, `user_id`) VALUES ('72', 'magnam', '129');
INSERT INTO `photo_albums` (`id`, `name`, `user_id`) VALUES ('73', 'cumque', '130');
INSERT INTO `photo_albums` (`id`, `name`, `user_id`) VALUES ('74', 'libero', '132');
INSERT INTO `photo_albums` (`id`, `name`, `user_id`) VALUES ('75', 'omnis', '133');
INSERT INTO `photo_albums` (`id`, `name`, `user_id`) VALUES ('76', 'repellendus', '134');
INSERT INTO `photo_albums` (`id`, `name`, `user_id`) VALUES ('77', 'non', '137');
INSERT INTO `photo_albums` (`id`, `name`, `user_id`) VALUES ('78', 'dolores', '139');
INSERT INTO `photo_albums` (`id`, `name`, `user_id`) VALUES ('79', 'nobis', '142');
INSERT INTO `photo_albums` (`id`, `name`, `user_id`) VALUES ('80', 'occaecati', '144');
INSERT INTO `photo_albums` (`id`, `name`, `user_id`) VALUES ('81', 'iusto', '145');
INSERT INTO `photo_albums` (`id`, `name`, `user_id`) VALUES ('82', 'tempora', '146');
INSERT INTO `photo_albums` (`id`, `name`, `user_id`) VALUES ('83', 'vel', '150');
INSERT INTO `photo_albums` (`id`, `name`, `user_id`) VALUES ('84', 'optio', '153');
INSERT INTO `photo_albums` (`id`, `name`, `user_id`) VALUES ('85', 'ab', '154');
INSERT INTO `photo_albums` (`id`, `name`, `user_id`) VALUES ('86', 'suscipit', '156');
INSERT INTO `photo_albums` (`id`, `name`, `user_id`) VALUES ('87', 'laboriosam', '163');
INSERT INTO `photo_albums` (`id`, `name`, `user_id`) VALUES ('88', 'tempore', '167');
INSERT INTO `photo_albums` (`id`, `name`, `user_id`) VALUES ('89', 'ea', '168');
INSERT INTO `photo_albums` (`id`, `name`, `user_id`) VALUES ('90', 'blanditiis', '169');
INSERT INTO `photo_albums` (`id`, `name`, `user_id`) VALUES ('91', 'omnis', '170');
INSERT INTO `photo_albums` (`id`, `name`, `user_id`) VALUES ('92', 'consequuntur', '171');
INSERT INTO `photo_albums` (`id`, `name`, `user_id`) VALUES ('93', 'dignissimos', '173');
INSERT INTO `photo_albums` (`id`, `name`, `user_id`) VALUES ('94', 'alias', '176');
INSERT INTO `photo_albums` (`id`, `name`, `user_id`) VALUES ('95', 'modi', '177');
INSERT INTO `photo_albums` (`id`, `name`, `user_id`) VALUES ('96', 'odit', '179');
INSERT INTO `photo_albums` (`id`, `name`, `user_id`) VALUES ('97', 'officiis', '181');
INSERT INTO `photo_albums` (`id`, `name`, `user_id`) VALUES ('98', 'id', '185');
INSERT INTO `photo_albums` (`id`, `name`, `user_id`) VALUES ('99', 'est', '186');
INSERT INTO `photo_albums` (`id`, `name`, `user_id`) VALUES ('100', 'explicabo', '187');


#
# TABLE STRUCTURE FOR: photos
#

DROP TABLE IF EXISTS `photos`;

CREATE TABLE `photos` (
  `id` bigint(20) unsigned NOT NULL AUTO_INCREMENT,
  `album_id` bigint(20) unsigned DEFAULT NULL,
  `media_id` bigint(20) unsigned NOT NULL,
  UNIQUE KEY `id` (`id`),
  KEY `album_id` (`album_id`),
  KEY `media_id` (`media_id`),
  CONSTRAINT `photos_ibfk_1` FOREIGN KEY (`album_id`) REFERENCES `photo_albums` (`id`),
  CONSTRAINT `photos_ibfk_2` FOREIGN KEY (`media_id`) REFERENCES `media` (`id`)
) ENGINE=InnoDB AUTO_INCREMENT=101 DEFAULT CHARSET=utf8mb4 COLLATE=utf8mb4_unicode_ci;

INSERT INTO `photos` (`id`, `album_id`, `media_id`) VALUES ('1', '1', '1');
INSERT INTO `photos` (`id`, `album_id`, `media_id`) VALUES ('2', '2', '2');
INSERT INTO `photos` (`id`, `album_id`, `media_id`) VALUES ('3', '3', '3');
INSERT INTO `photos` (`id`, `album_id`, `media_id`) VALUES ('4', '4', '4');
INSERT INTO `photos` (`id`, `album_id`, `media_id`) VALUES ('5', '5', '5');
INSERT INTO `photos` (`id`, `album_id`, `media_id`) VALUES ('6', '6', '6');
INSERT INTO `photos` (`id`, `album_id`, `media_id`) VALUES ('7', '7', '7');
INSERT INTO `photos` (`id`, `album_id`, `media_id`) VALUES ('8', '8', '8');
INSERT INTO `photos` (`id`, `album_id`, `media_id`) VALUES ('9', '9', '9');
INSERT INTO `photos` (`id`, `album_id`, `media_id`) VALUES ('10', '10', '10');
INSERT INTO `photos` (`id`, `album_id`, `media_id`) VALUES ('11', '11', '11');
INSERT INTO `photos` (`id`, `album_id`, `media_id`) VALUES ('12', '12', '12');
INSERT INTO `photos` (`id`, `album_id`, `media_id`) VALUES ('13', '13', '13');
INSERT INTO `photos` (`id`, `album_id`, `media_id`) VALUES ('14', '14', '14');
INSERT INTO `photos` (`id`, `album_id`, `media_id`) VALUES ('15', '15', '15');
INSERT INTO `photos` (`id`, `album_id`, `media_id`) VALUES ('16', '16', '16');
INSERT INTO `photos` (`id`, `album_id`, `media_id`) VALUES ('17', '17', '17');
INSERT INTO `photos` (`id`, `album_id`, `media_id`) VALUES ('18', '18', '18');
INSERT INTO `photos` (`id`, `album_id`, `media_id`) VALUES ('19', '19', '19');
INSERT INTO `photos` (`id`, `album_id`, `media_id`) VALUES ('20', '20', '20');
INSERT INTO `photos` (`id`, `album_id`, `media_id`) VALUES ('21', '21', '21');
INSERT INTO `photos` (`id`, `album_id`, `media_id`) VALUES ('22', '22', '22');
INSERT INTO `photos` (`id`, `album_id`, `media_id`) VALUES ('23', '23', '23');
INSERT INTO `photos` (`id`, `album_id`, `media_id`) VALUES ('24', '24', '24');
INSERT INTO `photos` (`id`, `album_id`, `media_id`) VALUES ('25', '25', '25');
INSERT INTO `photos` (`id`, `album_id`, `media_id`) VALUES ('26', '26', '26');
INSERT INTO `photos` (`id`, `album_id`, `media_id`) VALUES ('27', '27', '27');
INSERT INTO `photos` (`id`, `album_id`, `media_id`) VALUES ('28', '28', '28');
INSERT INTO `photos` (`id`, `album_id`, `media_id`) VALUES ('29', '29', '29');
INSERT INTO `photos` (`id`, `album_id`, `media_id`) VALUES ('30', '30', '30');
INSERT INTO `photos` (`id`, `album_id`, `media_id`) VALUES ('31', '31', '31');
INSERT INTO `photos` (`id`, `album_id`, `media_id`) VALUES ('32', '32', '32');
INSERT INTO `photos` (`id`, `album_id`, `media_id`) VALUES ('33', '33', '33');
INSERT INTO `photos` (`id`, `album_id`, `media_id`) VALUES ('34', '34', '34');
INSERT INTO `photos` (`id`, `album_id`, `media_id`) VALUES ('35', '35', '35');
INSERT INTO `photos` (`id`, `album_id`, `media_id`) VALUES ('36', '36', '36');
INSERT INTO `photos` (`id`, `album_id`, `media_id`) VALUES ('37', '37', '37');
INSERT INTO `photos` (`id`, `album_id`, `media_id`) VALUES ('38', '38', '38');
INSERT INTO `photos` (`id`, `album_id`, `media_id`) VALUES ('39', '39', '39');
INSERT INTO `photos` (`id`, `album_id`, `media_id`) VALUES ('40', '40', '40');
INSERT INTO `photos` (`id`, `album_id`, `media_id`) VALUES ('41', '41', '41');
INSERT INTO `photos` (`id`, `album_id`, `media_id`) VALUES ('42', '42', '42');
INSERT INTO `photos` (`id`, `album_id`, `media_id`) VALUES ('43', '43', '43');
INSERT INTO `photos` (`id`, `album_id`, `media_id`) VALUES ('44', '44', '44');
INSERT INTO `photos` (`id`, `album_id`, `media_id`) VALUES ('45', '45', '45');
INSERT INTO `photos` (`id`, `album_id`, `media_id`) VALUES ('46', '46', '46');
INSERT INTO `photos` (`id`, `album_id`, `media_id`) VALUES ('47', '47', '47');
INSERT INTO `photos` (`id`, `album_id`, `media_id`) VALUES ('48', '48', '48');
INSERT INTO `photos` (`id`, `album_id`, `media_id`) VALUES ('49', '49', '49');
INSERT INTO `photos` (`id`, `album_id`, `media_id`) VALUES ('50', '50', '50');
INSERT INTO `photos` (`id`, `album_id`, `media_id`) VALUES ('51', '51', '51');
INSERT INTO `photos` (`id`, `album_id`, `media_id`) VALUES ('52', '52', '52');
INSERT INTO `photos` (`id`, `album_id`, `media_id`) VALUES ('53', '53', '53');
INSERT INTO `photos` (`id`, `album_id`, `media_id`) VALUES ('54', '54', '54');
INSERT INTO `photos` (`id`, `album_id`, `media_id`) VALUES ('55', '55', '55');
INSERT INTO `photos` (`id`, `album_id`, `media_id`) VALUES ('56', '56', '56');
INSERT INTO `photos` (`id`, `album_id`, `media_id`) VALUES ('57', '57', '57');
INSERT INTO `photos` (`id`, `album_id`, `media_id`) VALUES ('58', '58', '58');
INSERT INTO `photos` (`id`, `album_id`, `media_id`) VALUES ('59', '59', '59');
INSERT INTO `photos` (`id`, `album_id`, `media_id`) VALUES ('60', '60', '60');
INSERT INTO `photos` (`id`, `album_id`, `media_id`) VALUES ('61', '61', '61');
INSERT INTO `photos` (`id`, `album_id`, `media_id`) VALUES ('62', '62', '62');
INSERT INTO `photos` (`id`, `album_id`, `media_id`) VALUES ('63', '63', '63');
INSERT INTO `photos` (`id`, `album_id`, `media_id`) VALUES ('64', '64', '64');
INSERT INTO `photos` (`id`, `album_id`, `media_id`) VALUES ('65', '65', '65');
INSERT INTO `photos` (`id`, `album_id`, `media_id`) VALUES ('66', '66', '66');
INSERT INTO `photos` (`id`, `album_id`, `media_id`) VALUES ('67', '67', '67');
INSERT INTO `photos` (`id`, `album_id`, `media_id`) VALUES ('68', '68', '68');
INSERT INTO `photos` (`id`, `album_id`, `media_id`) VALUES ('69', '69', '69');
INSERT INTO `photos` (`id`, `album_id`, `media_id`) VALUES ('70', '70', '70');
INSERT INTO `photos` (`id`, `album_id`, `media_id`) VALUES ('71', '71', '71');
INSERT INTO `photos` (`id`, `album_id`, `media_id`) VALUES ('72', '72', '72');
INSERT INTO `photos` (`id`, `album_id`, `media_id`) VALUES ('73', '73', '73');
INSERT INTO `photos` (`id`, `album_id`, `media_id`) VALUES ('74', '74', '74');
INSERT INTO `photos` (`id`, `album_id`, `media_id`) VALUES ('75', '75', '75');
INSERT INTO `photos` (`id`, `album_id`, `media_id`) VALUES ('76', '76', '76');
INSERT INTO `photos` (`id`, `album_id`, `media_id`) VALUES ('77', '77', '77');
INSERT INTO `photos` (`id`, `album_id`, `media_id`) VALUES ('78', '78', '78');
INSERT INTO `photos` (`id`, `album_id`, `media_id`) VALUES ('79', '79', '79');
INSERT INTO `photos` (`id`, `album_id`, `media_id`) VALUES ('80', '80', '80');
INSERT INTO `photos` (`id`, `album_id`, `media_id`) VALUES ('81', '81', '81');
INSERT INTO `photos` (`id`, `album_id`, `media_id`) VALUES ('82', '82', '82');
INSERT INTO `photos` (`id`, `album_id`, `media_id`) VALUES ('83', '83', '83');
INSERT INTO `photos` (`id`, `album_id`, `media_id`) VALUES ('84', '84', '84');
INSERT INTO `photos` (`id`, `album_id`, `media_id`) VALUES ('85', '85', '85');
INSERT INTO `photos` (`id`, `album_id`, `media_id`) VALUES ('86', '86', '86');
INSERT INTO `photos` (`id`, `album_id`, `media_id`) VALUES ('87', '87', '87');
INSERT INTO `photos` (`id`, `album_id`, `media_id`) VALUES ('88', '88', '88');
INSERT INTO `photos` (`id`, `album_id`, `media_id`) VALUES ('89', '89', '89');
INSERT INTO `photos` (`id`, `album_id`, `media_id`) VALUES ('90', '90', '90');
INSERT INTO `photos` (`id`, `album_id`, `media_id`) VALUES ('91', '91', '91');
INSERT INTO `photos` (`id`, `album_id`, `media_id`) VALUES ('92', '92', '92');
INSERT INTO `photos` (`id`, `album_id`, `media_id`) VALUES ('93', '93', '93');
INSERT INTO `photos` (`id`, `album_id`, `media_id`) VALUES ('94', '94', '94');
INSERT INTO `photos` (`id`, `album_id`, `media_id`) VALUES ('95', '95', '95');
INSERT INTO `photos` (`id`, `album_id`, `media_id`) VALUES ('96', '96', '96');
INSERT INTO `photos` (`id`, `album_id`, `media_id`) VALUES ('97', '97', '97');
INSERT INTO `photos` (`id`, `album_id`, `media_id`) VALUES ('98', '98', '98');
INSERT INTO `photos` (`id`, `album_id`, `media_id`) VALUES ('99', '99', '99');
INSERT INTO `photos` (`id`, `album_id`, `media_id`) VALUES ('100', '100', '100');


#
# TABLE STRUCTURE FOR: profiles
#

DROP TABLE IF EXISTS `profiles`;

CREATE TABLE `profiles` (
  `user_id` bigint(20) unsigned NOT NULL,
  `gender` char(1) COLLATE utf8mb4_unicode_ci DEFAULT NULL,
  `birthday` date DEFAULT NULL,
  `photo_id` bigint(20) unsigned DEFAULT NULL,
  `created_at` datetime DEFAULT current_timestamp(),
  `hometown` varchar(100) COLLATE utf8mb4_unicode_ci DEFAULT NULL,
  UNIQUE KEY `user_id` (`user_id`),
  CONSTRAINT `fk_user_id` FOREIGN KEY (`user_id`) REFERENCES `users` (`id`) ON DELETE NO ACTION ON UPDATE CASCADE
) ENGINE=InnoDB DEFAULT CHARSET=utf8mb4 COLLATE=utf8mb4_unicode_ci;

INSERT INTO `profiles` (`user_id`, `gender`, `birthday`, `photo_id`, `created_at`, `hometown`) VALUES ('101', NULL, '1984-06-22', '1', '1978-10-05 21:26:55', NULL);
INSERT INTO `profiles` (`user_id`, `gender`, `birthday`, `photo_id`, `created_at`, `hometown`) VALUES ('102', NULL, '1994-03-25', '2', '1971-07-18 11:31:55', NULL);
INSERT INTO `profiles` (`user_id`, `gender`, `birthday`, `photo_id`, `created_at`, `hometown`) VALUES ('103', NULL, '2009-01-13', '3', '1972-12-14 12:11:16', NULL);
INSERT INTO `profiles` (`user_id`, `gender`, `birthday`, `photo_id`, `created_at`, `hometown`) VALUES ('104', NULL, '1994-10-16', '4', '2002-02-22 04:53:48', NULL);
INSERT INTO `profiles` (`user_id`, `gender`, `birthday`, `photo_id`, `created_at`, `hometown`) VALUES ('107', NULL, '2021-03-30', '5', '2010-03-23 10:37:59', NULL);
INSERT INTO `profiles` (`user_id`, `gender`, `birthday`, `photo_id`, `created_at`, `hometown`) VALUES ('108', NULL, '2017-08-16', '6', '2008-05-08 06:02:03', NULL);
INSERT INTO `profiles` (`user_id`, `gender`, `birthday`, `photo_id`, `created_at`, `hometown`) VALUES ('109', NULL, '2006-02-11', '7', '1972-06-04 23:52:56', NULL);
INSERT INTO `profiles` (`user_id`, `gender`, `birthday`, `photo_id`, `created_at`, `hometown`) VALUES ('112', NULL, '2010-08-21', '8', '2013-01-09 02:50:07', NULL);
INSERT INTO `profiles` (`user_id`, `gender`, `birthday`, `photo_id`, `created_at`, `hometown`) VALUES ('113', NULL, '1973-04-25', '9', '1973-12-05 22:21:57', NULL);
INSERT INTO `profiles` (`user_id`, `gender`, `birthday`, `photo_id`, `created_at`, `hometown`) VALUES ('114', NULL, '1983-12-16', '10', '1974-07-21 05:41:09', NULL);
INSERT INTO `profiles` (`user_id`, `gender`, `birthday`, `photo_id`, `created_at`, `hometown`) VALUES ('117', NULL, '1972-12-02', '11', '1980-06-30 12:52:36', NULL);
INSERT INTO `profiles` (`user_id`, `gender`, `birthday`, `photo_id`, `created_at`, `hometown`) VALUES ('118', NULL, '2011-12-20', '12', '1987-09-15 05:22:28', NULL);
INSERT INTO `profiles` (`user_id`, `gender`, `birthday`, `photo_id`, `created_at`, `hometown`) VALUES ('121', NULL, '1988-06-28', '13', '1973-10-14 11:48:03', NULL);
INSERT INTO `profiles` (`user_id`, `gender`, `birthday`, `photo_id`, `created_at`, `hometown`) VALUES ('123', NULL, '1988-11-19', '14', '1993-01-31 14:01:51', NULL);
INSERT INTO `profiles` (`user_id`, `gender`, `birthday`, `photo_id`, `created_at`, `hometown`) VALUES ('124', NULL, '1990-09-03', '15', '1998-11-12 12:24:50', NULL);
INSERT INTO `profiles` (`user_id`, `gender`, `birthday`, `photo_id`, `created_at`, `hometown`) VALUES ('125', NULL, '1984-05-19', '16', '1993-10-07 21:59:59', NULL);
INSERT INTO `profiles` (`user_id`, `gender`, `birthday`, `photo_id`, `created_at`, `hometown`) VALUES ('128', NULL, '1996-11-02', '17', '1994-08-08 01:24:35', NULL);
INSERT INTO `profiles` (`user_id`, `gender`, `birthday`, `photo_id`, `created_at`, `hometown`) VALUES ('129', NULL, '1979-08-14', '18', '1986-11-14 20:16:58', NULL);
INSERT INTO `profiles` (`user_id`, `gender`, `birthday`, `photo_id`, `created_at`, `hometown`) VALUES ('130', NULL, '1991-01-28', '19', '2004-12-06 17:40:02', NULL);
INSERT INTO `profiles` (`user_id`, `gender`, `birthday`, `photo_id`, `created_at`, `hometown`) VALUES ('132', NULL, '1986-03-27', '20', '2000-10-10 23:55:19', NULL);
INSERT INTO `profiles` (`user_id`, `gender`, `birthday`, `photo_id`, `created_at`, `hometown`) VALUES ('133', NULL, '1986-06-12', '21', '2013-02-13 15:50:57', NULL);
INSERT INTO `profiles` (`user_id`, `gender`, `birthday`, `photo_id`, `created_at`, `hometown`) VALUES ('134', NULL, '1999-11-30', '22', '1991-04-23 19:59:09', NULL);
INSERT INTO `profiles` (`user_id`, `gender`, `birthday`, `photo_id`, `created_at`, `hometown`) VALUES ('137', NULL, '2008-10-21', '23', '1971-05-02 07:06:32', NULL);
INSERT INTO `profiles` (`user_id`, `gender`, `birthday`, `photo_id`, `created_at`, `hometown`) VALUES ('139', NULL, '1988-09-30', '24', '1976-12-01 20:26:28', NULL);
INSERT INTO `profiles` (`user_id`, `gender`, `birthday`, `photo_id`, `created_at`, `hometown`) VALUES ('142', NULL, '1995-01-03', '25', '2013-03-06 03:29:06', NULL);
INSERT INTO `profiles` (`user_id`, `gender`, `birthday`, `photo_id`, `created_at`, `hometown`) VALUES ('144', NULL, '2011-06-13', '26', '1991-10-22 07:05:59', NULL);
INSERT INTO `profiles` (`user_id`, `gender`, `birthday`, `photo_id`, `created_at`, `hometown`) VALUES ('145', NULL, '1984-02-18', '27', '2003-11-24 01:30:08', NULL);
INSERT INTO `profiles` (`user_id`, `gender`, `birthday`, `photo_id`, `created_at`, `hometown`) VALUES ('146', NULL, '2000-06-28', '28', '2018-03-17 22:37:01', NULL);
INSERT INTO `profiles` (`user_id`, `gender`, `birthday`, `photo_id`, `created_at`, `hometown`) VALUES ('150', NULL, '1975-05-10', '29', '1999-12-06 08:09:48', NULL);
INSERT INTO `profiles` (`user_id`, `gender`, `birthday`, `photo_id`, `created_at`, `hometown`) VALUES ('153', NULL, '1998-09-07', '30', '1980-04-23 04:03:20', NULL);
INSERT INTO `profiles` (`user_id`, `gender`, `birthday`, `photo_id`, `created_at`, `hometown`) VALUES ('154', NULL, '2010-09-24', '31', '2000-09-03 15:41:13', NULL);
INSERT INTO `profiles` (`user_id`, `gender`, `birthday`, `photo_id`, `created_at`, `hometown`) VALUES ('156', NULL, '2004-05-09', '32', '1978-07-11 17:29:56', NULL);
INSERT INTO `profiles` (`user_id`, `gender`, `birthday`, `photo_id`, `created_at`, `hometown`) VALUES ('163', NULL, '2009-07-17', '33', '1995-05-24 22:52:26', NULL);
INSERT INTO `profiles` (`user_id`, `gender`, `birthday`, `photo_id`, `created_at`, `hometown`) VALUES ('167', NULL, '1982-12-17', '34', '2010-03-21 16:27:56', NULL);
INSERT INTO `profiles` (`user_id`, `gender`, `birthday`, `photo_id`, `created_at`, `hometown`) VALUES ('168', NULL, '1982-07-22', '35', '2000-02-12 07:27:25', NULL);
INSERT INTO `profiles` (`user_id`, `gender`, `birthday`, `photo_id`, `created_at`, `hometown`) VALUES ('169', NULL, '2012-06-17', '36', '1985-06-04 01:24:19', NULL);
INSERT INTO `profiles` (`user_id`, `gender`, `birthday`, `photo_id`, `created_at`, `hometown`) VALUES ('170', NULL, '2014-09-06', '37', '2012-02-22 13:32:11', NULL);
INSERT INTO `profiles` (`user_id`, `gender`, `birthday`, `photo_id`, `created_at`, `hometown`) VALUES ('171', NULL, '2004-05-05', '38', '1992-06-29 06:31:37', NULL);
INSERT INTO `profiles` (`user_id`, `gender`, `birthday`, `photo_id`, `created_at`, `hometown`) VALUES ('173', NULL, '1996-02-15', '39', '2006-04-13 17:01:55', NULL);
INSERT INTO `profiles` (`user_id`, `gender`, `birthday`, `photo_id`, `created_at`, `hometown`) VALUES ('176', NULL, '2017-04-16', '40', '1997-04-24 14:06:11', NULL);
INSERT INTO `profiles` (`user_id`, `gender`, `birthday`, `photo_id`, `created_at`, `hometown`) VALUES ('177', NULL, '1990-01-26', '41', '2016-11-26 19:29:54', NULL);
INSERT INTO `profiles` (`user_id`, `gender`, `birthday`, `photo_id`, `created_at`, `hometown`) VALUES ('179', NULL, '1985-10-15', '42', '1990-11-29 12:00:59', NULL);
INSERT INTO `profiles` (`user_id`, `gender`, `birthday`, `photo_id`, `created_at`, `hometown`) VALUES ('181', NULL, '2008-08-10', '43', '1983-08-03 13:19:57', NULL);
INSERT INTO `profiles` (`user_id`, `gender`, `birthday`, `photo_id`, `created_at`, `hometown`) VALUES ('185', NULL, '1972-04-15', '44', '1986-06-29 03:53:05', NULL);
INSERT INTO `profiles` (`user_id`, `gender`, `birthday`, `photo_id`, `created_at`, `hometown`) VALUES ('186', NULL, '1999-03-09', '45', '2006-10-29 15:50:46', NULL);
INSERT INTO `profiles` (`user_id`, `gender`, `birthday`, `photo_id`, `created_at`, `hometown`) VALUES ('187', NULL, '2000-08-29', '46', '1999-07-10 22:04:11', NULL);
INSERT INTO `profiles` (`user_id`, `gender`, `birthday`, `photo_id`, `created_at`, `hometown`) VALUES ('190', NULL, '1980-04-09', '47', '2018-09-08 21:11:06', NULL);
INSERT INTO `profiles` (`user_id`, `gender`, `birthday`, `photo_id`, `created_at`, `hometown`) VALUES ('191', NULL, '1983-11-05', '48', '2006-11-24 06:57:17', NULL);
INSERT INTO `profiles` (`user_id`, `gender`, `birthday`, `photo_id`, `created_at`, `hometown`) VALUES ('192', NULL, '2007-01-23', '49', '2017-09-02 04:44:19', NULL);
INSERT INTO `profiles` (`user_id`, `gender`, `birthday`, `photo_id`, `created_at`, `hometown`) VALUES ('193', NULL, '2004-11-16', '50', '1973-12-27 09:06:32', NULL);
INSERT INTO `profiles` (`user_id`, `gender`, `birthday`, `photo_id`, `created_at`, `hometown`) VALUES ('195', NULL, '1975-12-17', '51', '1976-12-14 13:58:23', NULL);
INSERT INTO `profiles` (`user_id`, `gender`, `birthday`, `photo_id`, `created_at`, `hometown`) VALUES ('196', NULL, '2015-04-16', '52', '2019-06-16 05:41:54', NULL);
INSERT INTO `profiles` (`user_id`, `gender`, `birthday`, `photo_id`, `created_at`, `hometown`) VALUES ('197', NULL, '1987-09-10', '53', '1996-01-11 15:29:25', NULL);
INSERT INTO `profiles` (`user_id`, `gender`, `birthday`, `photo_id`, `created_at`, `hometown`) VALUES ('200', NULL, '1999-06-07', '54', '1977-04-20 17:27:23', NULL);


#
# TABLE STRUCTURE FOR: users
#

DROP TABLE IF EXISTS `users`;

CREATE TABLE `users` (
  `id` bigint(20) unsigned NOT NULL AUTO_INCREMENT,
  `firstname` varchar(50) COLLATE utf8mb4_unicode_ci DEFAULT NULL,
  `lastname` varchar(50) COLLATE utf8mb4_unicode_ci DEFAULT NULL COMMENT '',
  `email` varchar(120) COLLATE utf8mb4_unicode_ci DEFAULT NULL,
  `password_hash` varchar(100) COLLATE utf8mb4_unicode_ci DEFAULT NULL,
  `phone` bigint(20) unsigned DEFAULT NULL,
  PRIMARY KEY (`id`),
  UNIQUE KEY `email` (`email`),
  UNIQUE KEY `phone` (`phone`),
  KEY `users_firstname_lastname_idx` (`firstname`,`lastname`)
) ENGINE=InnoDB AUTO_INCREMENT=201 DEFAULT CHARSET=utf8mb4 COLLATE=utf8mb4_unicode_ci COMMENT='';

INSERT INTO `users` (`id`, `firstname`, `lastname`, `email`, `password_hash`, `phone`) VALUES ('101', 'Joel', 'Leuschke', 'schmidt.veda@example.org', 'de602151a3532ade3dd787ac9f75ae8be1f35fe5', '1');
INSERT INTO `users` (`id`, `firstname`, `lastname`, `email`, `password_hash`, `phone`) VALUES ('102', 'Brianne', 'Emard', 'barton.arielle@example.org', 'd243d5d426c29c6fd9ee453e1b5699569197a545', '0');
INSERT INTO `users` (`id`, `firstname`, `lastname`, `email`, `password_hash`, `phone`) VALUES ('103', 'Milan', 'Shields', 'mlind@example.org', '77bac04bceab0c59e51c0af35d7cf196e5c6e3bd', '367');
INSERT INTO `users` (`id`, `firstname`, `lastname`, `email`, `password_hash`, `phone`) VALUES ('104', 'David', 'Boyle', 'rlang@example.org', 'badc5d50ddf403588173ddc0fad08edd77cb3897', '572');
INSERT INTO `users` (`id`, `firstname`, `lastname`, `email`, `password_hash`, `phone`) VALUES ('107', 'Maria', 'Rodriguez', 'dspinka@example.com', 'aff6c34bc0397f8b67c3cb6e22c3c6c5dbb57991', '197');
INSERT INTO `users` (`id`, `firstname`, `lastname`, `email`, `password_hash`, `phone`) VALUES ('108', 'Herbert', 'Schuppe', 'pwest@example.org', '4c9294b730fa216a8d9f43b2a268933d996d128a', '187');
INSERT INTO `users` (`id`, `firstname`, `lastname`, `email`, `password_hash`, `phone`) VALUES ('109', 'Hilario', 'Erdman', 'caterina.farrell@example.org', 'c1f77057aff40af1b4a518750fb1d3bd11ee7c99', '54');
INSERT INTO `users` (`id`, `firstname`, `lastname`, `email`, `password_hash`, `phone`) VALUES ('112', 'Earnestine', 'Hills', 'aquigley@example.org', '529fcd7a61d0dc884f5fa9ced33d397a39afa424', '79');
INSERT INTO `users` (`id`, `firstname`, `lastname`, `email`, `password_hash`, `phone`) VALUES ('113', 'Napoleon', 'Oberbrunner', 'opurdy@example.net', '29b06d9a75d90eb15d947649dc07a9149df76dcb', '755');
INSERT INTO `users` (`id`, `firstname`, `lastname`, `email`, `password_hash`, `phone`) VALUES ('114', 'Colleen', 'Daugherty', 'matilde.champlin@example.net', 'f7425fec32507530b2aff67a9e5ed4129fa3ea17', '400952');
INSERT INTO `users` (`id`, `firstname`, `lastname`, `email`, `password_hash`, `phone`) VALUES ('117', 'Genesis', 'Cartwright', 'crona.marjolaine@example.com', '22415403fbc6a2a81c8608da3f4b620e0e3ce3e9', '871878');
INSERT INTO `users` (`id`, `firstname`, `lastname`, `email`, `password_hash`, `phone`) VALUES ('118', 'Rashad', 'Herzog', 'mcclure.elda@example.org', 'da345a1595c21c28f779bf77ad26a76d2fdf3321', '6879484692');
INSERT INTO `users` (`id`, `firstname`, `lastname`, `email`, `password_hash`, `phone`) VALUES ('121', 'Tiana', 'Leuschke', 'kkirlin@example.com', '7922afd42d60563cbfc9abf759f31f340ff8446d', '977006');
INSERT INTO `users` (`id`, `firstname`, `lastname`, `email`, `password_hash`, `phone`) VALUES ('123', 'Otilia', 'Wintheiser', 'domingo.ward@example.org', 'e248b71e63bc9985e2ce3d7df2e2b550420627d5', '998627');
INSERT INTO `users` (`id`, `firstname`, `lastname`, `email`, `password_hash`, `phone`) VALUES ('124', 'Danyka', 'Senger', 'ybosco@example.org', '160405bc992b83941401c2c36c4544deae763326', '77');
INSERT INTO `users` (`id`, `firstname`, `lastname`, `email`, `password_hash`, `phone`) VALUES ('125', 'Sadie', 'Johns', 'kavon95@example.com', 'da0ea1deb6141b4289a2a8783d5218500fd8efc9', '18');
INSERT INTO `users` (`id`, `firstname`, `lastname`, `email`, `password_hash`, `phone`) VALUES ('128', 'Mozell', 'Lind', 'qdavis@example.com', '8416418a00f00dea5e88c889b75d758e59292e45', '6090347272');
INSERT INTO `users` (`id`, `firstname`, `lastname`, `email`, `password_hash`, `phone`) VALUES ('129', 'Markus', 'Breitenberg', 'flossie.gusikowski@example.net', '3d7ee0f2979ad5b0af1be33991485256c896056e', '313');
INSERT INTO `users` (`id`, `firstname`, `lastname`, `email`, `password_hash`, `phone`) VALUES ('130', 'Claudie', 'Strosin', 'ezulauf@example.org', '854164d79fa7c181b816a5ec9667d3457e1b7286', '36');
INSERT INTO `users` (`id`, `firstname`, `lastname`, `email`, `password_hash`, `phone`) VALUES ('132', 'Nathanial', 'Keebler', 'tyree28@example.net', 'd6e8204cdc53dbe3620f7df4a863fc5700d0428c', '931');
INSERT INTO `users` (`id`, `firstname`, `lastname`, `email`, `password_hash`, `phone`) VALUES ('133', 'Sherman', 'Fisher', 'tyrel49@example.org', '059f9206f4a792e3943896ccd2bab112171afbd5', '237');
INSERT INTO `users` (`id`, `firstname`, `lastname`, `email`, `password_hash`, `phone`) VALUES ('134', 'Elyse', 'Fay', 'cremin.vernon@example.org', 'f1494ce9d190019e614868c2d899e72d068e78fd', '337689');
INSERT INTO `users` (`id`, `firstname`, `lastname`, `email`, `password_hash`, `phone`) VALUES ('137', 'Ilene', 'Hessel', 'blaise.sipes@example.org', '27bea960c691ac5ff2e993bd2eeb3dbe13068bd2', '918');
INSERT INTO `users` (`id`, `firstname`, `lastname`, `email`, `password_hash`, `phone`) VALUES ('139', 'Agustina', 'Nader', 'maxie11@example.com', '745ff5a3258d854c97d207b13e1e6269d1ee57cd', '217791');
INSERT INTO `users` (`id`, `firstname`, `lastname`, `email`, `password_hash`, `phone`) VALUES ('142', 'Claud', 'Flatley', 'xdach@example.com', 'e54c99e2e7cdf20b9888a66242c9e30b99ee7585', '351');
INSERT INTO `users` (`id`, `firstname`, `lastname`, `email`, `password_hash`, `phone`) VALUES ('144', 'Lupe', 'Bartoletti', 'mosciski.madilyn@example.org', 'c7be9e7816feb6bc13f7d98687f02e926bbf26eb', '778907');
INSERT INTO `users` (`id`, `firstname`, `lastname`, `email`, `password_hash`, `phone`) VALUES ('145', 'Leopoldo', 'Ruecker', 'viviane.hilpert@example.org', '15aa6b9c45f370cace3816ab0435a9a13354fd3d', '652062');
INSERT INTO `users` (`id`, `firstname`, `lastname`, `email`, `password_hash`, `phone`) VALUES ('146', 'Diamond', 'Rohan', 'harvey.isabel@example.net', 'abd9ce3c0a27398e1ae4b233f0df42fee5ebcaf5', '594900');
INSERT INTO `users` (`id`, `firstname`, `lastname`, `email`, `password_hash`, `phone`) VALUES ('150', 'Kade', 'Wiza', 'fidel56@example.net', 'af1d4bca56b509d2e52f4616f088279492d48fc8', '1942170147');
INSERT INTO `users` (`id`, `firstname`, `lastname`, `email`, `password_hash`, `phone`) VALUES ('153', 'Amira', 'Haley', 'claudie.kemmer@example.net', '3f3040a90d5906bcaeaf91c2c382372b606e57c9', '395');
INSERT INTO `users` (`id`, `firstname`, `lastname`, `email`, `password_hash`, `phone`) VALUES ('154', 'Blaise', 'Brekke', 'amina.upton@example.org', '5db4692aa5f7e42ca8a6574d49e6ba337fd9a9c3', '982');
INSERT INTO `users` (`id`, `firstname`, `lastname`, `email`, `password_hash`, `phone`) VALUES ('156', 'Guiseppe', 'Rempel', 'marcelo.roob@example.org', '9074e4624cdb6f72c19d0a5d6abf51f04c4322ef', '35');
INSERT INTO `users` (`id`, `firstname`, `lastname`, `email`, `password_hash`, `phone`) VALUES ('163', 'Dustin', 'Kassulke', 'vicky64@example.net', '1449a97d43c47a465adef766dc64e4036a5eb446', '332441');
INSERT INTO `users` (`id`, `firstname`, `lastname`, `email`, `password_hash`, `phone`) VALUES ('167', 'Rhiannon', 'Collier', 'pietro.hudson@example.com', '22a77ce6988327cb0ca114355bc5956d22797437', '6797');
INSERT INTO `users` (`id`, `firstname`, `lastname`, `email`, `password_hash`, `phone`) VALUES ('168', 'Eve', 'Rowe', 'sdavis@example.com', 'c7b89d808ffee38dd90a46cc1db1f01aa4037b6d', '311');
INSERT INTO `users` (`id`, `firstname`, `lastname`, `email`, `password_hash`, `phone`) VALUES ('169', 'Gabriella', 'Lynch', 'mohamed54@example.net', 'a8710342dab3395acf7075359f5a561f0568d1a4', '101');
INSERT INTO `users` (`id`, `firstname`, `lastname`, `email`, `password_hash`, `phone`) VALUES ('170', 'Faustino', 'Sipes', 'roman50@example.com', 'a2a532876afcf4aa963a9b7cf5cfc88ebdc9a18e', '28991');
INSERT INTO `users` (`id`, `firstname`, `lastname`, `email`, `password_hash`, `phone`) VALUES ('171', 'Arch', 'Nicolas', 'louie.stanton@example.org', 'da158cff697f675d4d2214fda6081e6e63bf972d', '745');
INSERT INTO `users` (`id`, `firstname`, `lastname`, `email`, `password_hash`, `phone`) VALUES ('173', 'Ocie', 'Mante', 'heathcote.shayna@example.net', 'bfc2cc0ffeb636b64a8ac60231883fc7c6a5f623', '3563387583');
INSERT INTO `users` (`id`, `firstname`, `lastname`, `email`, `password_hash`, `phone`) VALUES ('176', 'Lyla', 'Collins', 'prudence.hintz@example.com', '0735a19bab763d4e7a40170a40eaf59094055deb', '2290763496');
INSERT INTO `users` (`id`, `firstname`, `lastname`, `email`, `password_hash`, `phone`) VALUES ('177', 'Pansy', 'Kunde', 'spencer.gerhold@example.com', '553bae103c57d41cf33820001a11d762a5ed9987', '688175');
INSERT INTO `users` (`id`, `firstname`, `lastname`, `email`, `password_hash`, `phone`) VALUES ('179', 'Anais', 'Haley', 'ugreen@example.net', 'bde38c5baa083752d6940fbd9fa45c0924aa8699', '767895');
INSERT INTO `users` (`id`, `firstname`, `lastname`, `email`, `password_hash`, `phone`) VALUES ('181', 'Joseph', 'Ward', 'aubrey.weissnat@example.org', '1e4e0f1874b174b5684388b57d723b3e28e4249b', '7');
INSERT INTO `users` (`id`, `firstname`, `lastname`, `email`, `password_hash`, `phone`) VALUES ('185', 'Owen', 'Turner', 'natalie03@example.org', '4d69f2472e2e175576cf2eb68ebe10b019ffaedd', '7374103376');
INSERT INTO `users` (`id`, `firstname`, `lastname`, `email`, `password_hash`, `phone`) VALUES ('186', 'Chanelle', 'Dare', 'yvonne80@example.net', '7b764e63a32c4c9b89254f77f90325876239569e', '639408');
INSERT INTO `users` (`id`, `firstname`, `lastname`, `email`, `password_hash`, `phone`) VALUES ('187', 'Maryjane', 'Hermiston', 'wharvey@example.com', 'a32c5d43584fdb9b3a5d417bf27e0f6ab473b325', '80');
INSERT INTO `users` (`id`, `firstname`, `lastname`, `email`, `password_hash`, `phone`) VALUES ('190', 'Lowell', 'Romaguera', 'gdurgan@example.net', '1c567d4527bfe1ee97de48dc5ea9eedbabdd81f5', '505');
INSERT INTO `users` (`id`, `firstname`, `lastname`, `email`, `password_hash`, `phone`) VALUES ('191', 'Stuart', 'West', 'ashlynn28@example.com', 'd5c14f292087e0ed02155f721bfaa435f2fe15b1', '495800');
INSERT INTO `users` (`id`, `firstname`, `lastname`, `email`, `password_hash`, `phone`) VALUES ('192', 'Keaton', 'Osinski', 'qebert@example.net', 'cb800c323075183e902f341d8e2115cfcb9cd668', '543');
INSERT INTO `users` (`id`, `firstname`, `lastname`, `email`, `password_hash`, `phone`) VALUES ('193', 'Annamarie', 'Schamberger', 'unique.gusikowski@example.com', 'e9a3ab4aeb15d598a9dda5cbac0c105e09df7070', '745774');
INSERT INTO `users` (`id`, `firstname`, `lastname`, `email`, `password_hash`, `phone`) VALUES ('195', 'Mariano', 'Lockman', 'alexandra49@example.org', 'a954bd38b5d424f301db34eefa75c9f33f6fcc29', '56');
INSERT INTO `users` (`id`, `firstname`, `lastname`, `email`, `password_hash`, `phone`) VALUES ('196', 'Hadley', 'Hane', 'velma.beer@example.org', 'ead270c1af1af74677e4b753b90d4ed4044cbce3', '50');
INSERT INTO `users` (`id`, `firstname`, `lastname`, `email`, `password_hash`, `phone`) VALUES ('197', 'Kianna', 'Conn', 'gschuppe@example.org', '7ac68e4741edfe38bca52f4e882cf09a293b7178', '16');
INSERT INTO `users` (`id`, `firstname`, `lastname`, `email`, `password_hash`, `phone`) VALUES ('200', 'Natasha', 'Harris', 'stella78@example.net', '801c8e20a5af37eb28eb9baeb2364a16af4b86fa', '322843');


#
# TABLE STRUCTURE FOR: users_communities
#

DROP TABLE IF EXISTS `users_communities`;

CREATE TABLE `users_communities` (
  `user_id` bigint(20) unsigned NOT NULL,
  `community_id` bigint(20) unsigned NOT NULL,
  PRIMARY KEY (`user_id`,`community_id`),
  KEY `community_id` (`community_id`),
  CONSTRAINT `users_communities_ibfk_1` FOREIGN KEY (`user_id`) REFERENCES `users` (`id`),
  CONSTRAINT `users_communities_ibfk_2` FOREIGN KEY (`community_id`) REFERENCES `communities` (`id`)
) ENGINE=InnoDB DEFAULT CHARSET=utf8mb4 COLLATE=utf8mb4_unicode_ci;

INSERT INTO `users_communities` (`user_id`, `community_id`) VALUES ('101', '1');
INSERT INTO `users_communities` (`user_id`, `community_id`) VALUES ('101', '55');
INSERT INTO `users_communities` (`user_id`, `community_id`) VALUES ('102', '2');
INSERT INTO `users_communities` (`user_id`, `community_id`) VALUES ('102', '56');
INSERT INTO `users_communities` (`user_id`, `community_id`) VALUES ('103', '3');
INSERT INTO `users_communities` (`user_id`, `community_id`) VALUES ('103', '57');
INSERT INTO `users_communities` (`user_id`, `community_id`) VALUES ('104', '4');
INSERT INTO `users_communities` (`user_id`, `community_id`) VALUES ('104', '58');
INSERT INTO `users_communities` (`user_id`, `community_id`) VALUES ('107', '5');
INSERT INTO `users_communities` (`user_id`, `community_id`) VALUES ('107', '59');
INSERT INTO `users_communities` (`user_id`, `community_id`) VALUES ('108', '6');
INSERT INTO `users_communities` (`user_id`, `community_id`) VALUES ('108', '60');
INSERT INTO `users_communities` (`user_id`, `community_id`) VALUES ('109', '7');
INSERT INTO `users_communities` (`user_id`, `community_id`) VALUES ('109', '61');
INSERT INTO `users_communities` (`user_id`, `community_id`) VALUES ('112', '8');
INSERT INTO `users_communities` (`user_id`, `community_id`) VALUES ('112', '62');
INSERT INTO `users_communities` (`user_id`, `community_id`) VALUES ('113', '9');
INSERT INTO `users_communities` (`user_id`, `community_id`) VALUES ('113', '63');
INSERT INTO `users_communities` (`user_id`, `community_id`) VALUES ('114', '10');
INSERT INTO `users_communities` (`user_id`, `community_id`) VALUES ('114', '64');
INSERT INTO `users_communities` (`user_id`, `community_id`) VALUES ('117', '11');
INSERT INTO `users_communities` (`user_id`, `community_id`) VALUES ('117', '65');
INSERT INTO `users_communities` (`user_id`, `community_id`) VALUES ('118', '12');
INSERT INTO `users_communities` (`user_id`, `community_id`) VALUES ('118', '66');
INSERT INTO `users_communities` (`user_id`, `community_id`) VALUES ('121', '13');
INSERT INTO `users_communities` (`user_id`, `community_id`) VALUES ('121', '67');
INSERT INTO `users_communities` (`user_id`, `community_id`) VALUES ('123', '14');
INSERT INTO `users_communities` (`user_id`, `community_id`) VALUES ('123', '68');
INSERT INTO `users_communities` (`user_id`, `community_id`) VALUES ('124', '15');
INSERT INTO `users_communities` (`user_id`, `community_id`) VALUES ('124', '69');
INSERT INTO `users_communities` (`user_id`, `community_id`) VALUES ('125', '16');
INSERT INTO `users_communities` (`user_id`, `community_id`) VALUES ('125', '70');
INSERT INTO `users_communities` (`user_id`, `community_id`) VALUES ('128', '17');
INSERT INTO `users_communities` (`user_id`, `community_id`) VALUES ('128', '71');
INSERT INTO `users_communities` (`user_id`, `community_id`) VALUES ('129', '18');
INSERT INTO `users_communities` (`user_id`, `community_id`) VALUES ('129', '72');
INSERT INTO `users_communities` (`user_id`, `community_id`) VALUES ('130', '19');
INSERT INTO `users_communities` (`user_id`, `community_id`) VALUES ('130', '73');
INSERT INTO `users_communities` (`user_id`, `community_id`) VALUES ('132', '20');
INSERT INTO `users_communities` (`user_id`, `community_id`) VALUES ('132', '74');
INSERT INTO `users_communities` (`user_id`, `community_id`) VALUES ('133', '21');
INSERT INTO `users_communities` (`user_id`, `community_id`) VALUES ('133', '75');
INSERT INTO `users_communities` (`user_id`, `community_id`) VALUES ('134', '22');
INSERT INTO `users_communities` (`user_id`, `community_id`) VALUES ('134', '76');
INSERT INTO `users_communities` (`user_id`, `community_id`) VALUES ('137', '23');
INSERT INTO `users_communities` (`user_id`, `community_id`) VALUES ('137', '77');
INSERT INTO `users_communities` (`user_id`, `community_id`) VALUES ('139', '24');
INSERT INTO `users_communities` (`user_id`, `community_id`) VALUES ('139', '78');
INSERT INTO `users_communities` (`user_id`, `community_id`) VALUES ('142', '25');
INSERT INTO `users_communities` (`user_id`, `community_id`) VALUES ('142', '79');
INSERT INTO `users_communities` (`user_id`, `community_id`) VALUES ('144', '26');
INSERT INTO `users_communities` (`user_id`, `community_id`) VALUES ('144', '80');
INSERT INTO `users_communities` (`user_id`, `community_id`) VALUES ('145', '27');
INSERT INTO `users_communities` (`user_id`, `community_id`) VALUES ('145', '81');
INSERT INTO `users_communities` (`user_id`, `community_id`) VALUES ('146', '28');
INSERT INTO `users_communities` (`user_id`, `community_id`) VALUES ('146', '82');
INSERT INTO `users_communities` (`user_id`, `community_id`) VALUES ('150', '29');
INSERT INTO `users_communities` (`user_id`, `community_id`) VALUES ('150', '83');
INSERT INTO `users_communities` (`user_id`, `community_id`) VALUES ('153', '30');
INSERT INTO `users_communities` (`user_id`, `community_id`) VALUES ('153', '84');
INSERT INTO `users_communities` (`user_id`, `community_id`) VALUES ('154', '31');
INSERT INTO `users_communities` (`user_id`, `community_id`) VALUES ('154', '85');
INSERT INTO `users_communities` (`user_id`, `community_id`) VALUES ('156', '32');
INSERT INTO `users_communities` (`user_id`, `community_id`) VALUES ('156', '86');
INSERT INTO `users_communities` (`user_id`, `community_id`) VALUES ('163', '33');
INSERT INTO `users_communities` (`user_id`, `community_id`) VALUES ('163', '87');
INSERT INTO `users_communities` (`user_id`, `community_id`) VALUES ('167', '34');
INSERT INTO `users_communities` (`user_id`, `community_id`) VALUES ('167', '88');
INSERT INTO `users_communities` (`user_id`, `community_id`) VALUES ('168', '35');
INSERT INTO `users_communities` (`user_id`, `community_id`) VALUES ('168', '89');
INSERT INTO `users_communities` (`user_id`, `community_id`) VALUES ('169', '36');
INSERT INTO `users_communities` (`user_id`, `community_id`) VALUES ('169', '90');
INSERT INTO `users_communities` (`user_id`, `community_id`) VALUES ('170', '37');
INSERT INTO `users_communities` (`user_id`, `community_id`) VALUES ('170', '91');
INSERT INTO `users_communities` (`user_id`, `community_id`) VALUES ('171', '38');
INSERT INTO `users_communities` (`user_id`, `community_id`) VALUES ('171', '92');
INSERT INTO `users_communities` (`user_id`, `community_id`) VALUES ('173', '39');
INSERT INTO `users_communities` (`user_id`, `community_id`) VALUES ('173', '93');
INSERT INTO `users_communities` (`user_id`, `community_id`) VALUES ('176', '40');
INSERT INTO `users_communities` (`user_id`, `community_id`) VALUES ('176', '94');
INSERT INTO `users_communities` (`user_id`, `community_id`) VALUES ('177', '41');
INSERT INTO `users_communities` (`user_id`, `community_id`) VALUES ('177', '95');
INSERT INTO `users_communities` (`user_id`, `community_id`) VALUES ('179', '42');
INSERT INTO `users_communities` (`user_id`, `community_id`) VALUES ('179', '96');
INSERT INTO `users_communities` (`user_id`, `community_id`) VALUES ('181', '43');
INSERT INTO `users_communities` (`user_id`, `community_id`) VALUES ('181', '97');
INSERT INTO `users_communities` (`user_id`, `community_id`) VALUES ('185', '44');
INSERT INTO `users_communities` (`user_id`, `community_id`) VALUES ('185', '98');
INSERT INTO `users_communities` (`user_id`, `community_id`) VALUES ('186', '45');
INSERT INTO `users_communities` (`user_id`, `community_id`) VALUES ('186', '99');
INSERT INTO `users_communities` (`user_id`, `community_id`) VALUES ('187', '46');
INSERT INTO `users_communities` (`user_id`, `community_id`) VALUES ('187', '100');
INSERT INTO `users_communities` (`user_id`, `community_id`) VALUES ('190', '47');
INSERT INTO `users_communities` (`user_id`, `community_id`) VALUES ('191', '48');
INSERT INTO `users_communities` (`user_id`, `community_id`) VALUES ('192', '49');
INSERT INTO `users_communities` (`user_id`, `community_id`) VALUES ('193', '50');
INSERT INTO `users_communities` (`user_id`, `community_id`) VALUES ('195', '51');
INSERT INTO `users_communities` (`user_id`, `community_id`) VALUES ('196', '52');
INSERT INTO `users_communities` (`user_id`, `community_id`) VALUES ('197', '53');
INSERT INTO `users_communities` (`user_id`, `community_id`) VALUES ('200', '54');


#
# TABLE STRUCTURE FOR: video_albums
#

DROP TABLE IF EXISTS `video_albums`;

CREATE TABLE `video_albums` (
  `id` bigint(20) unsigned NOT NULL AUTO_INCREMENT,
  `name` varchar(100) COLLATE utf8mb4_unicode_ci DEFAULT NULL,
  `user_id` bigint(20) unsigned NOT NULL,
  PRIMARY KEY (`id`),
  UNIQUE KEY `id` (`id`),
  KEY `user_id` (`user_id`),
  CONSTRAINT `video_albums_ibfk_1` FOREIGN KEY (`user_id`) REFERENCES `users` (`id`)
) ENGINE=InnoDB AUTO_INCREMENT=101 DEFAULT CHARSET=utf8mb4 COLLATE=utf8mb4_unicode_ci;

INSERT INTO `video_albums` (`id`, `name`, `user_id`) VALUES ('1', 'veritatis', '101');
INSERT INTO `video_albums` (`id`, `name`, `user_id`) VALUES ('2', 'nobis', '102');
INSERT INTO `video_albums` (`id`, `name`, `user_id`) VALUES ('3', 'beatae', '103');
INSERT INTO `video_albums` (`id`, `name`, `user_id`) VALUES ('4', 'enim', '104');
INSERT INTO `video_albums` (`id`, `name`, `user_id`) VALUES ('5', 'et', '107');
INSERT INTO `video_albums` (`id`, `name`, `user_id`) VALUES ('6', 'sint', '108');
INSERT INTO `video_albums` (`id`, `name`, `user_id`) VALUES ('7', 'officia', '109');
INSERT INTO `video_albums` (`id`, `name`, `user_id`) VALUES ('8', 'numquam', '112');
INSERT INTO `video_albums` (`id`, `name`, `user_id`) VALUES ('9', 'in', '113');
INSERT INTO `video_albums` (`id`, `name`, `user_id`) VALUES ('10', 'expedita', '114');
INSERT INTO `video_albums` (`id`, `name`, `user_id`) VALUES ('11', 'odit', '117');
INSERT INTO `video_albums` (`id`, `name`, `user_id`) VALUES ('12', 'omnis', '118');
INSERT INTO `video_albums` (`id`, `name`, `user_id`) VALUES ('13', 'minima', '121');
INSERT INTO `video_albums` (`id`, `name`, `user_id`) VALUES ('14', 'quisquam', '123');
INSERT INTO `video_albums` (`id`, `name`, `user_id`) VALUES ('15', 'qui', '124');
INSERT INTO `video_albums` (`id`, `name`, `user_id`) VALUES ('16', 'porro', '125');
INSERT INTO `video_albums` (`id`, `name`, `user_id`) VALUES ('17', 'id', '128');
INSERT INTO `video_albums` (`id`, `name`, `user_id`) VALUES ('18', 'necessitatibus', '129');
INSERT INTO `video_albums` (`id`, `name`, `user_id`) VALUES ('19', 'saepe', '130');
INSERT INTO `video_albums` (`id`, `name`, `user_id`) VALUES ('20', 'rerum', '132');
INSERT INTO `video_albums` (`id`, `name`, `user_id`) VALUES ('21', 'iure', '133');
INSERT INTO `video_albums` (`id`, `name`, `user_id`) VALUES ('22', 'quia', '134');
INSERT INTO `video_albums` (`id`, `name`, `user_id`) VALUES ('23', 'facere', '137');
INSERT INTO `video_albums` (`id`, `name`, `user_id`) VALUES ('24', 'molestias', '139');
INSERT INTO `video_albums` (`id`, `name`, `user_id`) VALUES ('25', 'omnis', '142');
INSERT INTO `video_albums` (`id`, `name`, `user_id`) VALUES ('26', 'quam', '144');
INSERT INTO `video_albums` (`id`, `name`, `user_id`) VALUES ('27', 'accusamus', '145');
INSERT INTO `video_albums` (`id`, `name`, `user_id`) VALUES ('28', 'quidem', '146');
INSERT INTO `video_albums` (`id`, `name`, `user_id`) VALUES ('29', 'omnis', '150');
INSERT INTO `video_albums` (`id`, `name`, `user_id`) VALUES ('30', 'non', '153');
INSERT INTO `video_albums` (`id`, `name`, `user_id`) VALUES ('31', 'consequatur', '154');
INSERT INTO `video_albums` (`id`, `name`, `user_id`) VALUES ('32', 'nam', '156');
INSERT INTO `video_albums` (`id`, `name`, `user_id`) VALUES ('33', 'qui', '163');
INSERT INTO `video_albums` (`id`, `name`, `user_id`) VALUES ('34', 'provident', '167');
INSERT INTO `video_albums` (`id`, `name`, `user_id`) VALUES ('35', 'sint', '168');
INSERT INTO `video_albums` (`id`, `name`, `user_id`) VALUES ('36', 'ratione', '169');
INSERT INTO `video_albums` (`id`, `name`, `user_id`) VALUES ('37', 'architecto', '170');
INSERT INTO `video_albums` (`id`, `name`, `user_id`) VALUES ('38', 'tempora', '171');
INSERT INTO `video_albums` (`id`, `name`, `user_id`) VALUES ('39', 'rerum', '173');
INSERT INTO `video_albums` (`id`, `name`, `user_id`) VALUES ('40', 'ullam', '176');
INSERT INTO `video_albums` (`id`, `name`, `user_id`) VALUES ('41', 'enim', '177');
INSERT INTO `video_albums` (`id`, `name`, `user_id`) VALUES ('42', 'magnam', '179');
INSERT INTO `video_albums` (`id`, `name`, `user_id`) VALUES ('43', 'totam', '181');
INSERT INTO `video_albums` (`id`, `name`, `user_id`) VALUES ('44', 'ducimus', '185');
INSERT INTO `video_albums` (`id`, `name`, `user_id`) VALUES ('45', 'quia', '186');
INSERT INTO `video_albums` (`id`, `name`, `user_id`) VALUES ('46', 'voluptates', '187');
INSERT INTO `video_albums` (`id`, `name`, `user_id`) VALUES ('47', 'doloribus', '190');
INSERT INTO `video_albums` (`id`, `name`, `user_id`) VALUES ('48', 'amet', '191');
INSERT INTO `video_albums` (`id`, `name`, `user_id`) VALUES ('49', 'quibusdam', '192');
INSERT INTO `video_albums` (`id`, `name`, `user_id`) VALUES ('50', 'vel', '193');
INSERT INTO `video_albums` (`id`, `name`, `user_id`) VALUES ('51', 'eligendi', '195');
INSERT INTO `video_albums` (`id`, `name`, `user_id`) VALUES ('52', 'voluptatibus', '196');
INSERT INTO `video_albums` (`id`, `name`, `user_id`) VALUES ('53', 'et', '197');
INSERT INTO `video_albums` (`id`, `name`, `user_id`) VALUES ('54', 'saepe', '200');
INSERT INTO `video_albums` (`id`, `name`, `user_id`) VALUES ('55', 'hic', '101');
INSERT INTO `video_albums` (`id`, `name`, `user_id`) VALUES ('56', 'recusandae', '102');
INSERT INTO `video_albums` (`id`, `name`, `user_id`) VALUES ('57', 'voluptatem', '103');
INSERT INTO `video_albums` (`id`, `name`, `user_id`) VALUES ('58', 'quia', '104');
INSERT INTO `video_albums` (`id`, `name`, `user_id`) VALUES ('59', 'illo', '107');
INSERT INTO `video_albums` (`id`, `name`, `user_id`) VALUES ('60', 'necessitatibus', '108');
INSERT INTO `video_albums` (`id`, `name`, `user_id`) VALUES ('61', 'eos', '109');
INSERT INTO `video_albums` (`id`, `name`, `user_id`) VALUES ('62', 'similique', '112');
INSERT INTO `video_albums` (`id`, `name`, `user_id`) VALUES ('63', 'harum', '113');
INSERT INTO `video_albums` (`id`, `name`, `user_id`) VALUES ('64', 'vel', '114');
INSERT INTO `video_albums` (`id`, `name`, `user_id`) VALUES ('65', 'excepturi', '117');
INSERT INTO `video_albums` (`id`, `name`, `user_id`) VALUES ('66', 'dolores', '118');
INSERT INTO `video_albums` (`id`, `name`, `user_id`) VALUES ('67', 'quia', '121');
INSERT INTO `video_albums` (`id`, `name`, `user_id`) VALUES ('68', 'laboriosam', '123');
INSERT INTO `video_albums` (`id`, `name`, `user_id`) VALUES ('69', 'occaecati', '124');
INSERT INTO `video_albums` (`id`, `name`, `user_id`) VALUES ('70', 'repudiandae', '125');
INSERT INTO `video_albums` (`id`, `name`, `user_id`) VALUES ('71', 'est', '128');
INSERT INTO `video_albums` (`id`, `name`, `user_id`) VALUES ('72', 'cumque', '129');
INSERT INTO `video_albums` (`id`, `name`, `user_id`) VALUES ('73', 'dolorem', '130');
INSERT INTO `video_albums` (`id`, `name`, `user_id`) VALUES ('74', 'praesentium', '132');
INSERT INTO `video_albums` (`id`, `name`, `user_id`) VALUES ('75', 'voluptas', '133');
INSERT INTO `video_albums` (`id`, `name`, `user_id`) VALUES ('76', 'voluptas', '134');
INSERT INTO `video_albums` (`id`, `name`, `user_id`) VALUES ('77', 'rerum', '137');
INSERT INTO `video_albums` (`id`, `name`, `user_id`) VALUES ('78', 'autem', '139');
INSERT INTO `video_albums` (`id`, `name`, `user_id`) VALUES ('79', 'impedit', '142');
INSERT INTO `video_albums` (`id`, `name`, `user_id`) VALUES ('80', 'veniam', '144');
INSERT INTO `video_albums` (`id`, `name`, `user_id`) VALUES ('81', 'corrupti', '145');
INSERT INTO `video_albums` (`id`, `name`, `user_id`) VALUES ('82', 'magni', '146');
INSERT INTO `video_albums` (`id`, `name`, `user_id`) VALUES ('83', 'ullam', '150');
INSERT INTO `video_albums` (`id`, `name`, `user_id`) VALUES ('84', 'quasi', '153');
INSERT INTO `video_albums` (`id`, `name`, `user_id`) VALUES ('85', 'voluptas', '154');
INSERT INTO `video_albums` (`id`, `name`, `user_id`) VALUES ('86', 'sed', '156');
INSERT INTO `video_albums` (`id`, `name`, `user_id`) VALUES ('87', 'dolores', '163');
INSERT INTO `video_albums` (`id`, `name`, `user_id`) VALUES ('88', 'quaerat', '167');
INSERT INTO `video_albums` (`id`, `name`, `user_id`) VALUES ('89', 'dolorem', '168');
INSERT INTO `video_albums` (`id`, `name`, `user_id`) VALUES ('90', 'dignissimos', '169');
INSERT INTO `video_albums` (`id`, `name`, `user_id`) VALUES ('91', 'sunt', '170');
INSERT INTO `video_albums` (`id`, `name`, `user_id`) VALUES ('92', 'corporis', '171');
INSERT INTO `video_albums` (`id`, `name`, `user_id`) VALUES ('93', 'temporibus', '173');
INSERT INTO `video_albums` (`id`, `name`, `user_id`) VALUES ('94', 'aspernatur', '176');
INSERT INTO `video_albums` (`id`, `name`, `user_id`) VALUES ('95', 'totam', '177');
INSERT INTO `video_albums` (`id`, `name`, `user_id`) VALUES ('96', 'quidem', '179');
INSERT INTO `video_albums` (`id`, `name`, `user_id`) VALUES ('97', 'sint', '181');
INSERT INTO `video_albums` (`id`, `name`, `user_id`) VALUES ('98', 'sunt', '185');
INSERT INTO `video_albums` (`id`, `name`, `user_id`) VALUES ('99', 'sed', '186');
INSERT INTO `video_albums` (`id`, `name`, `user_id`) VALUES ('100', 'dolor', '187');


#
# TABLE STRUCTURE FOR: videos
#

DROP TABLE IF EXISTS `videos`;

CREATE TABLE `videos` (
  `id` bigint(20) unsigned NOT NULL AUTO_INCREMENT,
  `album_id` bigint(20) unsigned NOT NULL,
  `media_id` bigint(20) unsigned NOT NULL,
  UNIQUE KEY `id` (`id`),
  KEY `album_id` (`album_id`),
  KEY `media_id` (`media_id`),
  CONSTRAINT `videos_ibfk_1` FOREIGN KEY (`album_id`) REFERENCES `video_albums` (`id`),
  CONSTRAINT `videos_ibfk_2` FOREIGN KEY (`media_id`) REFERENCES `media` (`id`)
) ENGINE=InnoDB AUTO_INCREMENT=101 DEFAULT CHARSET=utf8mb4 COLLATE=utf8mb4_unicode_ci;

INSERT INTO `videos` (`id`, `album_id`, `media_id`) VALUES ('1', '1', '1');
INSERT INTO `videos` (`id`, `album_id`, `media_id`) VALUES ('2', '2', '2');
INSERT INTO `videos` (`id`, `album_id`, `media_id`) VALUES ('3', '3', '3');
INSERT INTO `videos` (`id`, `album_id`, `media_id`) VALUES ('4', '4', '4');
INSERT INTO `videos` (`id`, `album_id`, `media_id`) VALUES ('5', '5', '5');
INSERT INTO `videos` (`id`, `album_id`, `media_id`) VALUES ('6', '6', '6');
INSERT INTO `videos` (`id`, `album_id`, `media_id`) VALUES ('7', '7', '7');
INSERT INTO `videos` (`id`, `album_id`, `media_id`) VALUES ('8', '8', '8');
INSERT INTO `videos` (`id`, `album_id`, `media_id`) VALUES ('9', '9', '9');
INSERT INTO `videos` (`id`, `album_id`, `media_id`) VALUES ('10', '10', '10');
INSERT INTO `videos` (`id`, `album_id`, `media_id`) VALUES ('11', '11', '11');
INSERT INTO `videos` (`id`, `album_id`, `media_id`) VALUES ('12', '12', '12');
INSERT INTO `videos` (`id`, `album_id`, `media_id`) VALUES ('13', '13', '13');
INSERT INTO `videos` (`id`, `album_id`, `media_id`) VALUES ('14', '14', '14');
INSERT INTO `videos` (`id`, `album_id`, `media_id`) VALUES ('15', '15', '15');
INSERT INTO `videos` (`id`, `album_id`, `media_id`) VALUES ('16', '16', '16');
INSERT INTO `videos` (`id`, `album_id`, `media_id`) VALUES ('17', '17', '17');
INSERT INTO `videos` (`id`, `album_id`, `media_id`) VALUES ('18', '18', '18');
INSERT INTO `videos` (`id`, `album_id`, `media_id`) VALUES ('19', '19', '19');
INSERT INTO `videos` (`id`, `album_id`, `media_id`) VALUES ('20', '20', '20');
INSERT INTO `videos` (`id`, `album_id`, `media_id`) VALUES ('21', '21', '21');
INSERT INTO `videos` (`id`, `album_id`, `media_id`) VALUES ('22', '22', '22');
INSERT INTO `videos` (`id`, `album_id`, `media_id`) VALUES ('23', '23', '23');
INSERT INTO `videos` (`id`, `album_id`, `media_id`) VALUES ('24', '24', '24');
INSERT INTO `videos` (`id`, `album_id`, `media_id`) VALUES ('25', '25', '25');
INSERT INTO `videos` (`id`, `album_id`, `media_id`) VALUES ('26', '26', '26');
INSERT INTO `videos` (`id`, `album_id`, `media_id`) VALUES ('27', '27', '27');
INSERT INTO `videos` (`id`, `album_id`, `media_id`) VALUES ('28', '28', '28');
INSERT INTO `videos` (`id`, `album_id`, `media_id`) VALUES ('29', '29', '29');
INSERT INTO `videos` (`id`, `album_id`, `media_id`) VALUES ('30', '30', '30');
INSERT INTO `videos` (`id`, `album_id`, `media_id`) VALUES ('31', '31', '31');
INSERT INTO `videos` (`id`, `album_id`, `media_id`) VALUES ('32', '32', '32');
INSERT INTO `videos` (`id`, `album_id`, `media_id`) VALUES ('33', '33', '33');
INSERT INTO `videos` (`id`, `album_id`, `media_id`) VALUES ('34', '34', '34');
INSERT INTO `videos` (`id`, `album_id`, `media_id`) VALUES ('35', '35', '35');
INSERT INTO `videos` (`id`, `album_id`, `media_id`) VALUES ('36', '36', '36');
INSERT INTO `videos` (`id`, `album_id`, `media_id`) VALUES ('37', '37', '37');
INSERT INTO `videos` (`id`, `album_id`, `media_id`) VALUES ('38', '38', '38');
INSERT INTO `videos` (`id`, `album_id`, `media_id`) VALUES ('39', '39', '39');
INSERT INTO `videos` (`id`, `album_id`, `media_id`) VALUES ('40', '40', '40');
INSERT INTO `videos` (`id`, `album_id`, `media_id`) VALUES ('41', '41', '41');
INSERT INTO `videos` (`id`, `album_id`, `media_id`) VALUES ('42', '42', '42');
INSERT INTO `videos` (`id`, `album_id`, `media_id`) VALUES ('43', '43', '43');
INSERT INTO `videos` (`id`, `album_id`, `media_id`) VALUES ('44', '44', '44');
INSERT INTO `videos` (`id`, `album_id`, `media_id`) VALUES ('45', '45', '45');
INSERT INTO `videos` (`id`, `album_id`, `media_id`) VALUES ('46', '46', '46');
INSERT INTO `videos` (`id`, `album_id`, `media_id`) VALUES ('47', '47', '47');
INSERT INTO `videos` (`id`, `album_id`, `media_id`) VALUES ('48', '48', '48');
INSERT INTO `videos` (`id`, `album_id`, `media_id`) VALUES ('49', '49', '49');
INSERT INTO `videos` (`id`, `album_id`, `media_id`) VALUES ('50', '50', '50');
INSERT INTO `videos` (`id`, `album_id`, `media_id`) VALUES ('51', '51', '51');
INSERT INTO `videos` (`id`, `album_id`, `media_id`) VALUES ('52', '52', '52');
INSERT INTO `videos` (`id`, `album_id`, `media_id`) VALUES ('53', '53', '53');
INSERT INTO `videos` (`id`, `album_id`, `media_id`) VALUES ('54', '54', '54');
INSERT INTO `videos` (`id`, `album_id`, `media_id`) VALUES ('55', '55', '55');
INSERT INTO `videos` (`id`, `album_id`, `media_id`) VALUES ('56', '56', '56');
INSERT INTO `videos` (`id`, `album_id`, `media_id`) VALUES ('57', '57', '57');
INSERT INTO `videos` (`id`, `album_id`, `media_id`) VALUES ('58', '58', '58');
INSERT INTO `videos` (`id`, `album_id`, `media_id`) VALUES ('59', '59', '59');
INSERT INTO `videos` (`id`, `album_id`, `media_id`) VALUES ('60', '60', '60');
INSERT INTO `videos` (`id`, `album_id`, `media_id`) VALUES ('61', '61', '61');
INSERT INTO `videos` (`id`, `album_id`, `media_id`) VALUES ('62', '62', '62');
INSERT INTO `videos` (`id`, `album_id`, `media_id`) VALUES ('63', '63', '63');
INSERT INTO `videos` (`id`, `album_id`, `media_id`) VALUES ('64', '64', '64');
INSERT INTO `videos` (`id`, `album_id`, `media_id`) VALUES ('65', '65', '65');
INSERT INTO `videos` (`id`, `album_id`, `media_id`) VALUES ('66', '66', '66');
INSERT INTO `videos` (`id`, `album_id`, `media_id`) VALUES ('67', '67', '67');
INSERT INTO `videos` (`id`, `album_id`, `media_id`) VALUES ('68', '68', '68');
INSERT INTO `videos` (`id`, `album_id`, `media_id`) VALUES ('69', '69', '69');
INSERT INTO `videos` (`id`, `album_id`, `media_id`) VALUES ('70', '70', '70');
INSERT INTO `videos` (`id`, `album_id`, `media_id`) VALUES ('71', '71', '71');
INSERT INTO `videos` (`id`, `album_id`, `media_id`) VALUES ('72', '72', '72');
INSERT INTO `videos` (`id`, `album_id`, `media_id`) VALUES ('73', '73', '73');
INSERT INTO `videos` (`id`, `album_id`, `media_id`) VALUES ('74', '74', '74');
INSERT INTO `videos` (`id`, `album_id`, `media_id`) VALUES ('75', '75', '75');
INSERT INTO `videos` (`id`, `album_id`, `media_id`) VALUES ('76', '76', '76');
INSERT INTO `videos` (`id`, `album_id`, `media_id`) VALUES ('77', '77', '77');
INSERT INTO `videos` (`id`, `album_id`, `media_id`) VALUES ('78', '78', '78');
INSERT INTO `videos` (`id`, `album_id`, `media_id`) VALUES ('79', '79', '79');
INSERT INTO `videos` (`id`, `album_id`, `media_id`) VALUES ('80', '80', '80');
INSERT INTO `videos` (`id`, `album_id`, `media_id`) VALUES ('81', '81', '81');
INSERT INTO `videos` (`id`, `album_id`, `media_id`) VALUES ('82', '82', '82');
INSERT INTO `videos` (`id`, `album_id`, `media_id`) VALUES ('83', '83', '83');
INSERT INTO `videos` (`id`, `album_id`, `media_id`) VALUES ('84', '84', '84');
INSERT INTO `videos` (`id`, `album_id`, `media_id`) VALUES ('85', '85', '85');
INSERT INTO `videos` (`id`, `album_id`, `media_id`) VALUES ('86', '86', '86');
INSERT INTO `videos` (`id`, `album_id`, `media_id`) VALUES ('87', '87', '87');
INSERT INTO `videos` (`id`, `album_id`, `media_id`) VALUES ('88', '88', '88');
INSERT INTO `videos` (`id`, `album_id`, `media_id`) VALUES ('89', '89', '89');
INSERT INTO `videos` (`id`, `album_id`, `media_id`) VALUES ('90', '90', '90');
INSERT INTO `videos` (`id`, `album_id`, `media_id`) VALUES ('91', '91', '91');
INSERT INTO `videos` (`id`, `album_id`, `media_id`) VALUES ('92', '92', '92');
INSERT INTO `videos` (`id`, `album_id`, `media_id`) VALUES ('93', '93', '93');
INSERT INTO `videos` (`id`, `album_id`, `media_id`) VALUES ('94', '94', '94');
INSERT INTO `videos` (`id`, `album_id`, `media_id`) VALUES ('95', '95', '95');
INSERT INTO `videos` (`id`, `album_id`, `media_id`) VALUES ('96', '96', '96');
INSERT INTO `videos` (`id`, `album_id`, `media_id`) VALUES ('97', '97', '97');
INSERT INTO `videos` (`id`, `album_id`, `media_id`) VALUES ('98', '98', '98');
INSERT INTO `videos` (`id`, `album_id`, `media_id`) VALUES ('99', '99', '99');
INSERT INTO `videos` (`id`, `album_id`, `media_id`) VALUES ('100', '100', '100');


